"quadrat","yeargroup","grass","shrub","grassshrubratio","category"
"A1",1917,0.0295112360075232,0,Inf,"Grass"
"A1",1922,0.0238598319962582,0,Inf,"Grass"
"A1",1927,0.0418022700143129,0,Inf,"Grass"
"A1",1932,0.0611745390031227,0,Inf,"Grass"
"A1",1937,0.0158225400060009,0,Inf,"Grass"
"A1",1942,0.0465756099892022,0,Inf,"Grass"
"A1",1947,0.0630670250090576,0,Inf,"Grass"
"A1",1952,0.0376130333221101,0.000551666666694993,68.1807250516837,"Grass"
"A1",1957,0.0035528749987146,0.102465984992335,0.0346737017067701,"Shrub"
"A1",1962,0,0.122500049970169,0,"Shrub"
"A1",1967,0.00668621124742558,0.205362942499816,0.0325580222314528,"Shrub"
"A1",1972,0.0178943750261808,0.195520027494269,0.091521954326164,"Shrub"
"A1",1977,0.0154314649952125,0.2574962283626,0.0599288971855629,"Shrub"
"A1",1995,0.0001064598651476,0.876805342756844,0.000121417901963131,"Shrub"
"A1",2001,0.0017508227498774,0.894508705580926,0.00195730096191781,"Shrub"
"A1",2006,0.0618681951204896,0.598707335049446,0.103336290535642,"Shrub"
"A1",2011,0.0193488899823042,0.555446464844745,0.0348348422520116,"Shrub"
"A1",2016,0.0260477462823263,0.867799916740514,0.0300158432604632,"Shrub"
"A2",1917,0.028802571004395,0.00245727899729214,11.7213271411731,"Grass"
"A2",1922,0.0125021369932373,0.0103385120011544,1.20927818160305,"Mixed"
"A2",1927,0.0271884880169363,0.0201310509978443,1.35057469278915,"Mixed"
"A2",1932,0.0543460770148283,0.0552096389889941,0.98435849264767,"Mixed"
"A2",1937,0.00269053400140289,0.110721615999341,0.0242999885534448,"Shrub"
"A2",1942,0.0296078280058141,0.156901416000768,0.188703383057226,"Shrub"
"A2",1947,0.0740222849623902,0.358802813728577,0.206303524192499,"Shrub"
"A2",1952,0.0313202900125474,0.475035750033691,0.0659324903658852,"Shrub"
"A2",1957,0.00142576666817528,0.776873400002892,0.00183526256423502,"Shrub"
"A2",1962,0.00164575000152586,0.673924964967035,0.00244203744790246,"Shrub"
"A2",1967,0.0238753883401359,0.72645563832591,0.0328655833619185,"Shrub"
"A2",1972,0.0216318633297216,0.609988273247981,0.0354627527748021,"Shrub"
"A2",1977,0.0156843049951098,0.100889070028255,0.155460893739205,"Shrub"
"A2",1995,8.40181718676513e-05,0.743335888854214,0.000113028542180518,"Shrub"
"A2",2001,0,0.787323111965718,0,"Shrub"
"A2",2006,0.57010092027264,0.704775904976855,0.808910912315259,"Mixed"
"A2",2011,0.018191950027955,0.759317785490686,0.0239582825209329,"Shrub"
"A2",2016,0.00817239501141152,0.703447985197115,0.0116176251597643,"Shrub"
"A3",1917,0.0110315800094971,0,Inf,"Grass"
"A3",1922,0.000848416667060497,0,Inf,"Bare"
"A3",1927,0.00825315000079458,0,Inf,"Bare"
"A3",1932,0.00949408799856935,0,Inf,"Bare"
"A3",1937,0.00610551800064351,0,Inf,"Bare"
"A3",1942,0.0219054940026459,0,Inf,"Grass"
"A3",1947,0.0376399624972704,0,Inf,"Grass"
"A3",1952,0.0009587499998766,0,Inf,"Bare"
"A3",1957,0,0,NA,"Bare"
"A3",1962,0,0,NA,"Bare"
"A3",1967,0.000140625000324508,0.000200250000461761,0.702247191012421,"Bare"
"A3",1972,0.0116030000076089,0,Inf,"Grass"
"A3",1977,0.0209044166582755,8.33333333333333e-06,2508.52999899306,"Grass"
"A3",1995,0,0.0265938282767267,0,"Shrub"
"A3",2001,0,0.0302498161008704,0,"Shrub"
"A3",2006,0.00425898500919469,0.13376491506374,0.0318393280268242,"Shrub"
"A3",2011,0.0359199950076911,0.108258849789675,0.331797308741746,"Shrub"
"A3",2016,0.00144027499872111,0.0768462150578422,0.0187423023715223,"Shrub"
"A4",1917,0.0230212789910202,0,Inf,"Grass"
"A4",1922,0.0207409690171725,0,Inf,"Grass"
"A4",1927,0.0309476800083425,0,Inf,"Grass"
"A4",1932,0.0624365440039127,0,Inf,"Grass"
"A4",1937,0.0438315819797939,0,Inf,"Grass"
"A4",1942,0.111649371987649,0,Inf,"Grass"
"A4",1947,0.149311818760656,0,Inf,"Grass"
"A4",1952,0.0482929999899306,0.0124328333429503,3.88431169772849,"Grass"
"A4",1957,0.0509063024960418,0.105884477511627,0.480772098917442,"Shrub"
"A4",1962,0.0665160000302454,0.00277799999555853,23.9438445416096,"Grass"
"A4",1967,0.0609453149830152,0.0840854250109671,0.724802365868594,"Mixed"
"A4",1972,0.0500372624923319,0.0851238949762984,0.587816881573195,"Mixed"
"A4",1977,0.106336294977921,0.108022404990606,0.984391108373935,"Mixed"
"A4",1995,0.00028555002545051,0.327555690045895,0.000871760235367917,"Shrub"
"A4",2001,0,0.348659142918723,0,"Shrub"
"A4",2006,0.0127931549379465,0.184194580265727,0.0694545676614944,"Shrub"
"A4",2011,0.0317532349979033,0.279159494857053,0.113745853474061,"Shrub"
"A4",2016,1e-04,0.240659794941902,0.000415524329787371,"Shrub"
"A5",1917,0.0371193440019417,0,Inf,"Grass"
"A5",1922,0.0223097570100445,0,Inf,"Grass"
"A5",1927,0.0529276360066166,0,Inf,"Grass"
"A5",1932,0.0951920059990823,0,Inf,"Grass"
"A5",1937,0.0725948029850994,0,Inf,"Grass"
"A5",1942,0.146216276978085,0,Inf,"Grass"
"A5",1947,0.0822118750089627,0,Inf,"Grass"
"A5",1952,0.0408956333597338,0.0152378899923207,2.68381208817912,"Grass"
"A5",1957,0.00536679250215182,0.106941462487655,0.0501843941284359,"Shrub"
"A5",1962,0,0.0447610000471061,0,"Shrub"
"A5",1967,0.00643898666539731,0.0798174799667291,0.080671385116159,"Shrub"
"A5",1972,0.0229859833436958,0.218436833320047,0.105229429461731,"Shrub"
"A5",1977,0.0378339833313879,0.0771988332683812,0.490084910996755,"Shrub"
"A5",1995,0.00041439940466833,0.332159595127269,0.00124759125055397,"Shrub"
"A5",2001,0,0.565381625195707,0,"Shrub"
"A5",2006,0.0080723350335946,0.538369864854604,0.0149940320968275,"Shrub"
"A5",2011,0.0471240599934147,0.315832719788671,0.149205756847949,"Shrub"
"A5",2016,0.0222552200098323,0.324380529696786,0.0686083718731063,"Shrub"
"AR1",1927,0.0954622112224862,0,Inf,"Grass"
"AR1",1932,0.113982638013685,0,Inf,"Grass"
"AR1",1937,0.0241935159953386,0,Inf,"Grass"
"AR1",1942,0.0319164310024579,0,Inf,"Grass"
"AR1",1947,0.0260567899886768,6.25e-06,4169.08639818829,"Grass"
"AR1",1952,0.00731201000830974,0,Inf,"Bare"
"AR1",1957,0.0018619999994589,0.00108449999030284,1.71692025459489,"Bare"
"AR1",1962,0,0,NA,"Bare"
"AR1",1967,5e-05,0.114614499923478,0.000436244978020951,"Shrub"
"AR1",1972,8.58749997539563e-05,0.179332627486592,0.00047885876071479,"Shrub"
"AR1",1977,0,0.277844833321737,0,"Shrub"
"AR1",1995,0,0.647452370144829,0,"Shrub"
"AR1",2001,0,0.385594507198071,0,"Shrub"
"AR1",2006,0.00114328001216732,0.393775464663237,0.0029033805169783,"Shrub"
"AR1",2011,0.00771170999560595,0.477095584579047,0.0161638678807103,"Shrub"
"AR1",2016,0,0.397430894867282,0,"Shrub"
"AR2",1927,0.113683088739177,0,Inf,"Grass"
"AR2",1932,0.15009229400006,0,Inf,"Grass"
"AR2",1937,0.0612204719869248,0,Inf,"Grass"
"AR2",1942,0.0610809580125794,0,Inf,"Grass"
"AR2",1947,0.0555252450146916,0,Inf,"Grass"
"AR2",1952,0.0302437049871749,0,Inf,"Grass"
"AR2",1957,0.00245810100303034,0.000967300002262741,2.54119817769075,"Bare"
"AR2",1962,0,0,NA,"Bare"
"AR2",1967,0,0,NA,"Bare"
"AR2",1972,0,0,NA,"Bare"
"AR2",1995,0,0.00175320511954152,0,"Bare"
"AR2",2001,0,0,NA,"Bare"
"AR2",2006,1e-04,0,Inf,"Bare"
"AR2",2011,0.0132011749649949,0,Inf,"Grass"
"AR2",2016,0,0,NA,"Bare"
"AR3",1927,0.098644247512506,0,Inf,"Grass"
"AR3",1932,0.0361632190098914,0,Inf,"Grass"
"AR3",1937,0.0366846659990044,0,Inf,"Grass"
"AR3",1942,0.0110028049906469,0,Inf,"Grass"
"AR3",1947,0.0098365225071991,6.25e-06,1573.84360115186,"Bare"
"AR3",1952,0.0035514999994731,0,Inf,"Bare"
"AR3",1957,0.00012449999937159,0,Inf,"Bare"
"AR3",1962,0,0,NA,"Bare"
"AR3",1967,1e-04,0,Inf,"Bare"
"AR3",1972,0.00174349399967707,0,Inf,"Bare"
"AR3",1977,0.00153148333598649,8.33333333333333e-06,183.778000318378,"Bare"
"AR3",1995,0,0.0109288882570392,0,"Shrub"
"AR3",2001,0,0.0386025133952372,0,"Shrub"
"AR3",2006,1e-04,0.059460785016956,0.00168178068909591,"Shrub"
"AR3",2011,0.0117027049465255,0.0786221801448555,0.148847372649348,"Shrub"
"AR3",2016,0,0.0735293600214621,0,"Shrub"
"AR4",1927,0.0636393050251695,0,Inf,"Grass"
"AR4",1932,0.11733379497695,0,Inf,"Grass"
"AR4",1937,0.0123442800023001,0,Inf,"Grass"
"AR4",1942,0.029141184974457,0,Inf,"Grass"
"AR4",1947,0.0292267137516951,0,Inf,"Grass"
"AR4",1952,0.00662037000138381,0,Inf,"Bare"
"AR4",1957,0,0.0116827199998352,0,"Shrub"
"AR4",1962,0,0.00781199997317698,0,"Bare"
"AR4",1967,0.0107820000013091,0,Inf,"Grass"
"AR4",1972,0.00160911000216576,0,Inf,"Bare"
"AR4",1977,0.000490375000117405,0.0025833974949624,0.18981786622989,"Bare"
"AR4",1995,0,0.254055831337274,0,"Shrub"
"AR4",2001,0,0.619539650812988,0,"Shrub"
"AR4",2006,0.001525,0.777200329198361,0.00196217106800888,"Shrub"
"AR4",2011,0.00387486502304323,0.949187949405079,0.00408229479258757,"Shrub"
"AR4",2016,0.000284940002504214,1.00109865977046,0.00028462729394678,"Shrub"
"AR5",1927,0.0629194362671447,0,Inf,"Grass"
"AR5",1932,0.0501857810182839,5e-06,10037.1562036568,"Grass"
"AR5",1937,0.00429804999635955,5e-06,859.609999271911,"Bare"
"AR5",1942,0.0106759810001718,0,Inf,"Grass"
"AR5",1947,0.0172934999995542,0,Inf,"Grass"
"AR5",1952,0.00240789999942565,5e-06,481.579999885131,"Bare"
"AR5",1957,0,0.0387285489699887,0,"Shrub"
"AR5",1962,0,0.0568934999967224,0,"Shrub"
"AR5",1967,0,0.0735737750227752,0,"Shrub"
"AR5",1972,0.00115588249783469,0.153489016215984,0.00753071800400472,"Shrub"
"AR5",1977,7.88333333928603e-05,0.106042275009121,0.000743414203307878,"Shrub"
"AR5",1995,0,0.453879392571655,0,"Shrub"
"AR5",2001,0,0.667974131350178,0,"Shrub"
"AR5",2006,0.00838791499239675,0.532118340430639,0.0157632510572902,"Shrub"
"AR5",2011,0.00808940994373165,0.657465675585399,0.0123039274050755,"Shrub"
"AR5",2016,0.00181898498318285,0.876588729219005,0.00207507229165891,"Shrub"
"AR6",1927,0.0689452449888818,0,Inf,"Grass"
"AR6",1932,0.0872410940021896,0,Inf,"Grass"
"AR6",1937,0.00188420000191587,0,Inf,"Bare"
"AR6",1942,0.000275,9.2350000951998e-05,2.97780181012603,"Bare"
"AR6",1947,0,0.0053541087433581,0,"Bare"
"AR6",1952,0,0.0210157449820806,0,"Shrub"
"AR6",1957,0,0.0418103749861775,0,"Shrub"
"AR6",1962,0,0.0566989499437095,0,"Shrub"
"AR6",1967,0.00082954999627038,0.18484940251689,0.0044877072090865,"Shrub"
"AR6",1972,0,0.130044249959117,0,"Shrub"
"AR6",1977,0.000227166667495311,0.100130999954324,0.00226869468595076,"Shrub"
"AR6",1995,0,0.501006937796975,0,"Shrub"
"AR6",2006,0.070899715047255,0.382899315038882,0.185165426686792,"Shrub"
"AR6",2011,0.0112030899657997,0.370555845257163,0.0302332026580901,"Shrub"
"AR6",2016,0.00520860000565983,0.516012320308506,0.0100939450487263,"Shrub"
"B1",1917,0.0396452729978979,0,Inf,"Grass"
"B1",1922,0.033854677994289,0,Inf,"Grass"
"B1",1927,0.0822753059998945,0,Inf,"Grass"
"B1",1932,0.145657952017165,0,Inf,"Grass"
"B1",1937,0.0996747230021763,0,Inf,"Grass"
"B1",1942,0.108031167007751,0,Inf,"Grass"
"B1",1947,0.105304631234835,0,Inf,"Grass"
"B1",1952,0.0303493333409253,0,Inf,"Grass"
"B1",1957,0.0117853724971335,0,Inf,"Grass"
"B1",1962,0.0160530550079561,0,Inf,"Grass"
"B1",1967,0.0276065749998649,0,Inf,"Grass"
"B1",1972,0.0249739269976513,0,Inf,"Grass"
"B1",1977,0.0640245999963366,0,Inf,"Grass"
"B1",1995,0.0564158233877504,0,Inf,"Grass"
"B1",2001,0.0650807551546124,2.5e-05,2603.2302061845,"Grass"
"B1",2006,0.0378024449927177,0,Inf,"Grass"
"B1",2011,0.105009455093559,0,Inf,"Grass"
"B1",2016,0.046815594999124,0,Inf,"Grass"
"B2",1917,0.0520017599950804,0,Inf,"Grass"
"B2",1922,0.0556070500033717,0,Inf,"Grass"
"B2",1927,0.0930150629900339,0,Inf,"Grass"
"B2",1932,0.148822566028603,0,Inf,"Grass"
"B2",1937,0.100542560008828,0,Inf,"Grass"
"B2",1942,0.104135618010328,0,Inf,"Grass"
"B2",1947,0.108205872484482,0,Inf,"Grass"
"B2",1952,0.017829666660517,0,Inf,"Grass"
"B2",1957,0.00156862500099221,0,Inf,"Bare"
"B2",1962,0.0174317500002832,0,Inf,"Grass"
"B2",1967,0.0296780862588286,0,Inf,"Grass"
"B2",1972,0.01145058499324,0,Inf,"Grass"
"B2",1977,0.0300941833633892,0,Inf,"Grass"
"B2",1995,0.024596124172592,0,Inf,"Grass"
"B2",2001,0.00625035510145094,0,Inf,"Bare"
"B2",2006,0.00205286499711148,0,Inf,"Bare"
"B2",2011,0.0397230699784778,0,Inf,"Grass"
"B2",2016,0.0359219099775759,0,Inf,"Grass"
"B2A",1922,0.04816741497182,0,Inf,"Grass"
"B2A",1927,0.078587113020567,0,Inf,"Grass"
"B2A",1932,0.177718710971029,0,Inf,"Grass"
"B2A",1937,0.103498919986906,0,Inf,"Grass"
"B2A",1942,0.116114289019921,0,Inf,"Grass"
"B2A",1947,0.120789021234273,0,Inf,"Grass"
"B2A",1952,0.0316637899985269,0,Inf,"Grass"
"B2A",1957,0.0540315699964268,0,Inf,"Grass"
"B2A",1962,0.143103017493194,0,Inf,"Grass"
"B2A",1967,0.110058790034305,0,Inf,"Grass"
"B2A",1972,0.144338544027194,0,Inf,"Grass"
"B2A",1977,0.0862598983341233,0,Inf,"Grass"
"B2A",1995,0.0248840769706471,0,Inf,"Grass"
"B2A",2001,0.0243130537804767,0,Inf,"Grass"
"B2A",2006,0.0270881100563215,0.00619399002731055,4.37328925892431,"Grass"
"B2A",2011,0.0739018900320424,0.023619179966781,3.12889313413849,"Grass"
"B2A",2016,0.0135373750063385,0.102219515131418,0.132434349634062,"Shrub"
"B3",1917,0.05233767001177,0,Inf,"Grass"
"B3",1922,0.0288943500210461,0,Inf,"Grass"
"B3",1927,0.0372660090118061,0,Inf,"Grass"
"B3",1932,0.0795255189737778,0,Inf,"Grass"
"B3",1937,0.0357928880021969,0,Inf,"Grass"
"B3",1942,0.0646038809939431,0,Inf,"Grass"
"B3",1947,0.065570525015996,0,Inf,"Grass"
"B3",1952,0.010681666658206,0,Inf,"Grass"
"B3",1957,0.00360892624508612,0,Inf,"Bare"
"B3",1962,0.0172412500165394,0,Inf,"Grass"
"B3",1967,0.0575272974952932,0,Inf,"Grass"
"B3",1972,0.038388485019209,0,Inf,"Grass"
"B3",1977,0.01784192332562,0,Inf,"Grass"
"B3",1995,0.1045314127013,0,Inf,"Grass"
"B3",2001,0.0330265004629799,0,Inf,"Grass"
"B3",2006,0.0223462450242593,0,Inf,"Grass"
"B3",2011,0.0199297700260296,0.0396134299890638,0.503106396783406,"Mixed"
"B3",2016,0.0101461449808269,0.142441155250401,0.0712304317034689,"Shrub"
"B4",1917,0.0273528199981154,0,Inf,"Grass"
"B4",1922,0.0216041459905748,0,Inf,"Grass"
"B4",1927,0.0351044439917154,0,Inf,"Grass"
"B4",1932,0.0607555460063406,0,Inf,"Grass"
"B4",1937,0.0694738889879962,5e-06,13894.7777975992,"Grass"
"B4",1942,0.0501356500005717,0,Inf,"Grass"
"B4",1947,0.0771800687520866,0,Inf,"Grass"
"B4",1952,0.0140014166805887,0,Inf,"Grass"
"B4",1957,0.0294033166847535,0,Inf,"Grass"
"B4",1962,0.05575399995758,0,Inf,"Grass"
"B4",1967,0.0783152500044798,0,Inf,"Grass"
"B4",1972,0.0478275750262217,0,Inf,"Grass"
"B4",1977,0.0496376999811553,0,Inf,"Grass"
"B4",1995,0,0,NA,"Bare"
"B4",2001,0.0068424157461013,0,Inf,"Bare"
"B4",2006,0.00228574000914603,0,Inf,"Bare"
"B4",2011,0.0170127649834534,0,Inf,"Grass"
"B4",2016,0.00276677501732707,0,Inf,"Bare"
"B5",1917,0.0369637680077026,0,Inf,"Grass"
"B5",1922,0.0323668780016598,0,Inf,"Grass"
"B5",1927,0.0652698079923538,0,Inf,"Grass"
"B5",1932,0.111446638031921,0,Inf,"Grass"
"B5",1937,0.0378912180114563,5e-06,7578.24360229126,"Grass"
"B5",1942,0.0105795700040092,0.000675499999402556,15.6618356970634,"Grass"
"B5",1947,0.00318652250206592,0.0130852899991752,0.243519440705308,"Shrub"
"B5",1952,7.0540000952934e-05,0.00336199999602737,0.0209815589043088,"Bare"
"B5",1957,0.0113126766593832,0,Inf,"Grass"
"B5",1962,0.00569709999917736,2.5e-05,227.883999967094,"Bare"
"B5",1967,0.0100497500061753,1.25e-05,803.980000494028,"Grass"
"B5",1972,0.0168571237523822,0,Inf,"Grass"
"B5",1977,0.0152127499902245,0,Inf,"Grass"
"B5",1995,0,0.0490355624104534,0,"Shrub"
"B5",2001,0,0.149987922149369,0,"Shrub"
"B5",2006,0.00560615504232541,0.218590019715721,0.0256468938957793,"Shrub"
"B5",2011,0.0145844800351267,0.273643334920711,0.0532974064190257,"Shrub"
"B5",2016,0.00710572499559037,0.15766204499824,0.0450693443413708,"Shrub"
"G1",1917,0.0123694049985104,5e-06,2473.88099970208,"Grass"
"G1",1922,0.0110425799907456,0,Inf,"Grass"
"G1",1927,0.0769977029763062,0,Inf,"Grass"
"G1",1932,0.0485641630035451,0,Inf,"Grass"
"G1",1937,0.054337812013152,0,Inf,"Grass"
"G1",1942,0.0296363540158342,5e-06,5927.27080316684,"Grass"
"G1",1947,0.00855820250508148,1.875e-05,456.437466937679,"Bare"
"G1",1952,0.000663430001560999,0,Inf,"Bare"
"G1",1957,0.000217350000566663,0,Inf,"Bare"
"G1",1962,0.00641850001222314,0,Inf,"Bare"
"G1",1967,0.00153640666828867,0,Inf,"Bare"
"G1",1972,0.0667712750057347,0,Inf,"Grass"
"G1",1977,0.0308361799897028,0,Inf,"Grass"
"G1",1995,0.00307238105004458,0,Inf,"Bare"
"G1",2001,0.00974086420648574,0,Inf,"Bare"
"G1",2006,0.0116502999655463,0.000529490004070326,22.0028704526761,"Grass"
"G1",2011,2.5e-05,0,Inf,"Bare"
"G1",2016,0.00197289497646458,0,Inf,"Bare"
"G2",1917,0.013093449994819,0,Inf,"Grass"
"G2",1922,0.0146716200060567,0,Inf,"Grass"
"G2",1927,0.0637304270251496,0,Inf,"Grass"
"G2",1932,0.0370853710191472,0,Inf,"Grass"
"G2",1937,0.0205133820093586,0,Inf,"Grass"
"G2",1942,0.0281706230275262,0,Inf,"Grass"
"G2",1947,0.0361568090002609,0,Inf,"Grass"
"G2",1952,0.00594496665875054,0,Inf,"Bare"
"G2",1957,0.00095547500176938,0,Inf,"Bare"
"G2",1962,0.0343315000171747,0,Inf,"Grass"
"G2",1967,0.00263014999888269,0,Inf,"Bare"
"G2",1972,0.0219888750020704,0,Inf,"Grass"
"G2",1977,0.0920389000289722,0,Inf,"Grass"
"G2",1995,0.0166074375066603,0,Inf,"Grass"
"G2",2001,1e-04,0,Inf,"Bare"
"G2",2006,0.00258898497586265,0,Inf,"Bare"
"G2",2011,0.00350432999110975,0,Inf,"Bare"
"G2",2016,2.5e-05,0,Inf,"Bare"
"G3",1917,0.0209879470162731,0,Inf,"Grass"
"G3",1922,0.0207521780073944,0,Inf,"Grass"
"G3",1927,0.0586200039933781,0.000380139997803737,154.206356426727,"Grass"
"G3",1932,0.0546074849845421,0.00103171999883917,52.9285901659203,"Grass"
"G3",1937,0.0246778300121514,0.00286229999623708,8.62167838612095,"Grass"
"G3",1942,0.0136417499866062,0.000205600000031386,66.3509240492398,"Grass"
"G3",1947,0.0117021899983594,0.098182460014388,0.119188193050413,"Shrub"
"G3",1952,0.00871345498921078,0.0940403333302712,0.0926565727772251,"Shrub"
"G3",1957,0.00875683750383202,0.400855051313158,0.0218453964223366,"Shrub"
"G3",1962,0.00180424999755737,0.546594500210114,0.00330089306947619,"Shrub"
"G3",1967,0.000646374998753425,0.849826934900231,0.000760596036920516,"Shrub"
"G3",1972,0,0.737970725070792,0,"Shrub"
"G3",1977,0.00733521999480665,0.976888484930652,0.00750875878665657,"Shrub"
"G3",1995,1e-04,0.985890774320426,0.000101431114485202,"Shrub"
"G3",2001,0,0.999839541298972,0,"Shrub"
"G3",2006,0.00898071995565363,1.00184825965229,0.00896415187542528,"Shrub"
"G3",2011,0,1.00739106093641,0,"Shrub"
"G3",2016,0,1.0086485902095,0,"Shrub"
"G4",1917,0.0373491829853903,0,Inf,"Grass"
"G4",1922,0.0292040349957249,1e-05,2920.40349957249,"Grass"
"G4",1927,0.112520581017944,0,Inf,"Grass"
"G4",1932,0.0909456799793717,0,Inf,"Grass"
"G4",1937,0.0528794130156487,5e-06,10575.8826031297,"Grass"
"G4",1942,0.0511492869943542,0,Inf,"Grass"
"G4",1947,0.0366626399881919,0,Inf,"Grass"
"G4",1952,0.0202389833422617,0,Inf,"Grass"
"G4",1957,2.5e-05,0,Inf,"Bare"
"G4",1962,0.00298999999460881,0,Inf,"Bare"
"G4",1967,2.5e-05,0,Inf,"Bare"
"G4",1972,0.00173735166549618,0,Inf,"Bare"
"G4",1977,0.0260430500149142,0,Inf,"Grass"
"G4",1995,0.00721375705971798,0,Inf,"Bare"
"G4",2001,0.00442514629676415,2.5e-05,177.005851870566,"Bare"
"G4",2006,0.00570998994687408,0.00163752501011305,3.48696350383062,"Bare"
"G4",2011,0,0,NA,"Bare"
"G4",2016,0.0021259249922473,0,Inf,"Bare"
"G5",1917,0.0342086409982475,0,Inf,"Grass"
"G5",1922,0.0239580619999795,0,Inf,"Grass"
"G5",1927,0.047245281000816,0,Inf,"Grass"
"G5",1932,0.072595829000272,0,Inf,"Grass"
"G5",1937,0.0470278479938771,0,Inf,"Grass"
"G5",1942,0.00391719100088334,0,Inf,"Bare"
"G5",1947,0.0101613900017456,0,Inf,"Grass"
"G5",1952,0.00205383332968697,0,Inf,"Bare"
"G5",1957,1.875e-05,0,Inf,"Bare"
"G5",1962,0,0,NA,"Bare"
"G5",1967,0,0,NA,"Bare"
"G5",1972,0,0,NA,"Bare"
"G5",1977,0.00354893333145279,0,Inf,"Bare"
"G5",1995,0.00045,0,Inf,"Bare"
"G5",2001,0,0,NA,"Bare"
"G5",2006,0.00123432502424456,0,Inf,"Bare"
"G5",2011,0.00437975998196542,0,Inf,"Bare"
"G5",2016,0,0,NA,"Bare"
"G6",1927,0.124539878373301,0,Inf,"Grass"
"G6",1932,0.122417459016123,0,Inf,"Grass"
"G6",1937,0.0800893260241183,0,Inf,"Grass"
"G6",1942,0.0503543730041355,0,Inf,"Grass"
"G6",1947,0.0557862000158202,0,Inf,"Grass"
"G6",1952,0.0255338340077054,0,Inf,"Grass"
"G6",1957,0.00772775000097138,0,Inf,"Bare"
"G6",1962,0.00639794999459568,0,Inf,"Bare"
"G6",1967,0.0063501666657337,0,Inf,"Bare"
"G6",1972,0.00815366666481084,0,Inf,"Bare"
"G6",1977,0.0562469400017786,0,Inf,"Grass"
"G6",1995,0.00446558737421638,0,Inf,"Bare"
"G6",2001,2.5e-05,2.5e-05,1,"Bare"
"G6",2006,0.018895410019925,2.5e-05,755.816400797,"Grass"
"G6",2011,0,0,NA,"Bare"
"G6",2016,0,0,NA,"Bare"
"H1",1917,0.0267429639967478,0,Inf,"Grass"
"H1",1922,0.0153769787382874,0,Inf,"Grass"
"H1",1927,0.0512697166930869,0,Inf,"Grass"
"H1",1932,0.0445134520054921,0,Inf,"Grass"
"H1",1937,0.0345708479958943,0,Inf,"Grass"
"H1",1942,0.0456123269901017,0,Inf,"Grass"
"H1",1947,0.0391437924965683,0,Inf,"Grass"
"H1",1952,0.00503069999630395,0,Inf,"Bare"
"H1",1957,0.00243709875272456,0,Inf,"Bare"
"H1",1962,0.00463650000412313,0,Inf,"Bare"
"H1",1967,0.00556379999359027,2.5e-05,222.551999743611,"Bare"
"H1",1972,0.00888605600425866,0,Inf,"Bare"
"H1",1977,0.0200456775189682,0,Inf,"Grass"
"H1",1995,0.0124976876381922,0,Inf,"Grass"
"H1",2001,0.00522451324717597,0,Inf,"Bare"
"H1",2006,0.0184251100163901,0,Inf,"Grass"
"H1",2011,0.0212743350119916,0.0202932500779275,1.04834538234618,"Mixed"
"H1",2016,0.000387864998527095,0,Inf,"Bare"
"H2",1917,0.0299993199982404,0,Inf,"Grass"
"H2",1922,0.0263284625069682,0,Inf,"Grass"
"H2",1927,0.0894869716654447,0,Inf,"Grass"
"H2",1932,0.143494959990639,0,Inf,"Grass"
"H2",1937,0.0651773959810767,0,Inf,"Grass"
"H2",1942,0.0816794490016398,0,Inf,"Grass"
"H2",1947,0.0813507037691611,0,Inf,"Grass"
"H2",1952,0.0290381633130101,0,Inf,"Grass"
"H2",1957,0.0225751375000363,0,Inf,"Grass"
"H2",1962,0.0602274499803374,0,Inf,"Grass"
"H2",1967,0.0597035500028821,0,Inf,"Grass"
"H2",1972,0.0257876000082482,0,Inf,"Grass"
"H2",1977,0.0409428749904771,0,Inf,"Grass"
"H2",1995,0.184977719275452,0.152378592521869,1.21393508244214,"Mixed"
"H2",2001,0,0.173847504743296,0,"Shrub"
"H2",2006,0.00223114502000764,0.345596975190395,0.0064559159372806,"Shrub"
"H2",2011,0.00577372000905193,0.570602734878716,0.0101186336064077,"Shrub"
"H2",2016,7.68900031714141e-05,0.264897159874235,0.000290263599684946,"Shrub"
"H3",1917,0.0284003919739142,0,Inf,"Grass"
"H3",1922,0.0226631333477504,0,Inf,"Grass"
"H3",1927,0.0418871833468075,0,Inf,"Grass"
"H3",1932,0.05643282797495,0,Inf,"Grass"
"H3",1937,0.0458973250166221,0,Inf,"Grass"
"H3",1942,0.0706072950012157,0,Inf,"Grass"
"H3",1947,0.0748829537340187,0,Inf,"Grass"
"H3",1952,0.0205145000170586,0,Inf,"Grass"
"H3",1957,0.0116281099924716,0,Inf,"Grass"
"H3",1962,0.00503699999131449,0,Inf,"Bare"
"H3",1967,0.0112127033330082,8.33333333333333e-06,1345.52439996099,"Grass"
"H3",1972,0.0243059090046708,0,Inf,"Grass"
"H3",1977,0.0534448374777821,0,Inf,"Grass"
"H3",1995,0.0306631730099969,0.0654989137776412,0.46814780950557,"Shrub"
"H3",2001,0.0117529749370636,0.0507572120167333,0.2315528073762,"Shrub"
"H3",2006,0.00601602001677222,0.169960235293472,0.0353966326675431,"Shrub"
"H3",2011,0.00772944493376866,0.628242084607982,0.0123032905995016,"Shrub"
"H3",2016,0.00718390992786564,0.485772079953995,0.0147886431195181,"Shrub"
"I1",1917,0.0508704120065165,0,Inf,"Grass"
"I1",1922,0.042871200975639,0,Inf,"Grass"
"I1",1927,0.0843001799853086,2e-05,4215.00899926543,"Grass"
"I1",1932,0.115944131974821,0,Inf,"Grass"
"I1",1937,0.11795209295185,0,Inf,"Grass"
"I1",1942,0.084381391999411,0,Inf,"Grass"
"I1",1947,0.0643532369821199,0,Inf,"Grass"
"I1",1952,0.0407913040015266,0,Inf,"Grass"
"I1",1957,0.00543150000066636,0,Inf,"Bare"
"I1",1962,0.0174380066638384,0,Inf,"Grass"
"I1",1967,0.0124031800101008,0,Inf,"Grass"
"I1",1972,0.00860223750517984,0,Inf,"Bare"
"I1",1977,0.00977577000242125,0,Inf,"Bare"
"I1",1995,0.00356040089341125,0,Inf,"Bare"
"I1",2001,0.002512620070549,0,Inf,"Bare"
"I1",2006,0.00288030500763439,2.5e-05,115.212200305376,"Bare"
"I1",2011,0.00405039004552052,0.0526618449416894,0.0769131816404339,"Shrub"
"I1",2016,0.00118311499031097,0.0104442250139859,0.113279347077132,"Shrub"
"I2",1917,0.020764709995636,0,Inf,"Grass"
"I2",1922,0.022952010003379,0,Inf,"Grass"
"I2",1927,0.059922882996055,0,Inf,"Grass"
"I2",1932,0.0528302629969097,0,Inf,"Grass"
"I2",1937,0.0268708199977467,0,Inf,"Grass"
"I2",1942,0.025949596996074,0,Inf,"Grass"
"I2",1947,0.0253758299996429,1e-05,2537.58299996429,"Grass"
"I2",1952,0.00459233332802991,0,Inf,"Bare"
"I2",1957,0.00533444874926559,0,Inf,"Bare"
"I2",1962,0.00735856666265892,0,Inf,"Bare"
"I2",1967,0.0019078000015093,0.000105,18.1695238238981,"Bare"
"I2",1972,0.0267545999938013,0,Inf,"Grass"
"I2",1977,0.0193927489979293,0,Inf,"Grass"
"I2",1995,0.0178254786211446,0,Inf,"Grass"
"I2",2001,0.0213745917588088,0,Inf,"Grass"
"I2",2006,0.0240314850365476,0.000503680001653432,47.7118109864584,"Grass"
"I2",2011,0.000469255006992146,0,Inf,"Bare"
"I2",2016,0,0,NA,"Bare"
"I3",1917,0.0828036275278739,0,Inf,"Grass"
"I3",1922,0.0854602429745998,0,Inf,"Grass"
"I3",1927,0.20477425405683,0,Inf,"Grass"
"I3",1932,0.245283606995099,0,Inf,"Grass"
"I3",1937,0.140319433977709,0,Inf,"Grass"
"I3",1942,0.153442729976831,0,Inf,"Grass"
"I3",1947,0.0880142959839045,0,Inf,"Grass"
"I3",1952,0.0542705980026255,0,Inf,"Grass"
"I3",1957,0.0792317762302165,0,Inf,"Grass"
"I3",1962,0.127403766600226,0,Inf,"Grass"
"I3",1967,0.102705458002624,0,Inf,"Grass"
"I3",1972,0.133647035050994,0,Inf,"Grass"
"I3",1977,0.165779651011312,0,Inf,"Grass"
"I3",1995,0.0919498579779304,0,Inf,"Grass"
"I3",2001,0.132664438701853,0,Inf,"Grass"
"I3",2006,0.216674844933053,0,Inf,"Grass"
"I3",2011,0.152387104906161,0,Inf,"Grass"
"I3",2016,0.0804012549517778,0,Inf,"Grass"
"I4",1917,0.0791503169779583,0,Inf,"Grass"
"I4",1922,0.0406585830075523,0,Inf,"Grass"
"I4",1927,0.0555400019818447,0,Inf,"Grass"
"I4",1932,0.143572794996843,0,Inf,"Grass"
"I4",1937,0.113788502974568,0,Inf,"Grass"
"I4",1942,0.131446556962215,0,Inf,"Grass"
"I4",1947,0.113449679009993,0,Inf,"Grass"
"I4",1952,0.0421691499869791,0,Inf,"Grass"
"I4",1957,0.047403677490059,0,Inf,"Grass"
"I4",1962,0.0868390249786741,0,Inf,"Grass"
"I4",1967,0.062177779000282,0,Inf,"Grass"
"I4",1972,0.0352087675056241,0,Inf,"Grass"
"I4",1977,0.0930065379826298,0,Inf,"Grass"
"I4",1995,0.0478034123289282,0,Inf,"Grass"
"I4",2001,0.010765431346593,0,Inf,"Grass"
"I4",2006,0.0436122599865196,0.0498158852378146,0.875468934825113,"Mixed"
"I4",2011,0.00149281499502756,0.00658806500757992,0.226593847102297,"Bare"
"I4",2016,0.00113413999614179,0.183114609909431,0.00619360736263884,"Shrub"
"I5",1917,0.0398381060223447,0,Inf,"Grass"
"I5",1922,0.0126043010010634,0,Inf,"Grass"
"I5",1927,0.0458484637776031,0,Inf,"Grass"
"I5",1932,0.0759196520155043,0,Inf,"Grass"
"I5",1937,0.0362599989960505,0,Inf,"Grass"
"I5",1942,0.0520972110265129,0,Inf,"Grass"
"I5",1947,0.0963884639924245,0,Inf,"Grass"
"I5",1952,0.0540515166858825,0,Inf,"Grass"
"I5",1957,0.0135092112481422,0,Inf,"Grass"
"I5",1962,0.0279745266550471,0,Inf,"Grass"
"I5",1967,0.0296170537453474,0,Inf,"Grass"
"I5",1972,0.0164690559995494,0,Inf,"Grass"
"I5",1977,0.0178369929967155,0,Inf,"Grass"
"I5",1995,0.00199980985312289,0,Inf,"Bare"
"I5",2001,0,0,NA,"Bare"
"I5",2006,0.00306842000633657,0.00129675502159528,2.36622951539588,"Bare"
"I5",2011,0,0,NA,"Bare"
"I5",2016,0,0,NA,"Bare"
"I6",1917,0.0359128099849397,0,Inf,"Grass"
"I6",1922,0.0328782579938915,0,Inf,"Grass"
"I6",1927,0.073657102488224,0,Inf,"Grass"
"I6",1932,0.0987317750221648,0,Inf,"Grass"
"I6",1937,0.0471782779765609,0,Inf,"Grass"
"I6",1942,0.0602086400181038,0,Inf,"Grass"
"I6",1947,0.07468829499638,0,Inf,"Grass"
"I6",1952,0.0329456600277185,0,Inf,"Grass"
"I6",1957,1e-04,0,Inf,"Bare"
"I6",1962,0.00449478333512146,0,Inf,"Bare"
"I6",1967,0.0667833100089855,0,Inf,"Grass"
"I6",1972,0.0528740320214246,0,Inf,"Grass"
"I6",1977,0.062744280023273,0,Inf,"Grass"
"I6",1995,0.000555323654563028,0,Inf,"Bare"
"I6",2001,0.00319384508176958,0,Inf,"Bare"
"I6",2006,0.00482341500347577,0,Inf,"Bare"
"I6",2011,0.0231770549021211,0,Inf,"Grass"
"I6",2016,0.000560225000790878,0,Inf,"Bare"
"I7",1917,0.0247353000106142,0,Inf,"Grass"
"I7",1922,0.0233296640082924,0,Inf,"Grass"
"I7",1927,0.0919321899757334,0,Inf,"Grass"
"I7",1932,0.185357011978608,0,Inf,"Grass"
"I7",1937,0.08681874099247,0,Inf,"Grass"
"I7",1942,0.062701546037788,0,Inf,"Grass"
"I7",1947,0.0850750869818778,0,Inf,"Grass"
"I7",1952,0.0684700483023641,0,Inf,"Grass"
"I7",1957,0.0155521250043753,0,Inf,"Grass"
"I7",1962,0.026391166663992,0,Inf,"Grass"
"I7",1967,0.0342082800070334,0,Inf,"Grass"
"I7",1972,0.0185807979939011,0,Inf,"Grass"
"I7",1977,0.0629297959823332,6.89999998398126e-05,912.026030846787,"Grass"
"I7",1995,0.00876114992706619,0.021575705958409,0.406065504598314,"Shrub"
"I7",2001,0.00216030921243643,0.0631947767622057,0.0341849330454226,"Shrub"
"I7",2006,0.00127578998511568,0.154257990044008,0.00827049532249002,"Shrub"
"I7",2011,0.0115651500410553,0.0507274899471162,0.227985852505457,"Shrub"
"I7",2016,5e-05,0.15988577498295,0.000312723255119675,"Shrub"
"J1",1917,0.0550487359947437,0,Inf,"Grass"
"J1",1922,0.0268696659991691,0,Inf,"Grass"
"J1",1927,0.02941604499958,0,Inf,"Grass"
"J1",1932,0.0563824620079074,0,Inf,"Grass"
"J1",1937,0.049508414976759,0,Inf,"Grass"
"J1",1942,0.0509400149976952,0,Inf,"Grass"
"J1",1947,0.0658392075065214,0,Inf,"Grass"
"J1",1952,0.0111856083319187,0,Inf,"Grass"
"J1",1957,0.00523555000399115,0,Inf,"Bare"
"J1",1962,0.00584283333537666,8.93333329913827e-05,65.4048510194988,"Bare"
"J1",1967,0.00546386250239881,0.00193874999782682,2.81823984965744,"Bare"
"J1",1972,0.0185276666703814,0,Inf,"Grass"
"J1",1977,0.0381596799835708,0,Inf,"Grass"
"J1",1995,0.00201045113283599,0.0482456001183932,0.0416711809554116,"Shrub"
"J1",2001,0,0.299314174926279,0,"Shrub"
"J1",2006,0.00209436503050685,0.426401044948068,0.004911725839607,"Shrub"
"J1",2011,0,0.258492569823472,0,"Shrub"
"J1",2016,0,0.537899815163051,0,"Shrub"
"J12",1917,0.0325560499827341,0,Inf,"Grass"
"J12",1922,0.0294098650115565,0,Inf,"Grass"
"J12",1927,0.0677143550096128,0,Inf,"Grass"
"J12",1932,0.0806013769893502,0,Inf,"Grass"
"J12",1937,0.0378109529713627,5e-06,7562.19059427254,"Grass"
"J12",1942,0.0213236509955557,0,Inf,"Grass"
"J12",1947,0.0321678712698621,0,Inf,"Grass"
"J12",1952,0.0106067033288905,0,Inf,"Grass"
"J12",1957,0.0108827499945444,0,Inf,"Grass"
"J12",1962,0.029004333322313,0,Inf,"Grass"
"J12",1967,0.0171156999896718,0,Inf,"Grass"
"J12",1972,0.00275849999817841,0,Inf,"Bare"
"J12",1977,0.0700199862525483,0,Inf,"Grass"
"J12",1995,0.000827239045040168,0,Inf,"Bare"
"J12",2001,0.00146266838087522,0,Inf,"Bare"
"J12",2006,0.000623110023883507,0,Inf,"Bare"
"J12",2011,0.00037156499676913,0,Inf,"Bare"
"J12",2016,0,0.00453718501620419,0,"Bare"
"J22",1917,0.0563422266271716,8.33333333333333e-06,6761.0671952606,"Grass"
"J22",1922,0.0305574624598966,0,Inf,"Grass"
"J22",1927,0.115757651663302,0,Inf,"Grass"
"J22",1932,0.0948065429748864,0,Inf,"Grass"
"J22",1937,0.0574503670008393,0,Inf,"Grass"
"J22",1942,0.0163326875049081,0,Inf,"Grass"
"J22",1947,0.0188768624944115,0,Inf,"Grass"
"J22",1952,0.0254649375057198,0,Inf,"Grass"
"J22",1957,0.0712609629829703,0,Inf,"Grass"
"J22",1962,0.15237468255635,0,Inf,"Grass"
"J22",1967,0.0852258166523555,0,Inf,"Grass"
"J22",1972,0.0144971500048108,0,Inf,"Grass"
"J22",1977,0.0128955720035701,0,Inf,"Grass"
"J22",1995,0.0279478723200199,0,Inf,"Grass"
"J22",2001,0.0157451129789254,0,Inf,"Grass"
"J22",2006,0.0146075899713261,0.0519905749427539,0.280966117174321,"Shrub"
"J22",2011,0.00657845000425093,0.016322155078863,0.403038077537319,"Shrub"
"J22",2016,0.00874870999180987,0.151649254870749,0.0576904251805682,"Shrub"
"J8",1917,0.0652572974769299,0,Inf,"Grass"
"J8",1922,0.0362549299982611,0,Inf,"Grass"
"J8",1927,0.0328032719951018,0,Inf,"Grass"
"J8",1932,0.0584916179968411,0,Inf,"Grass"
"J8",1937,0.0378210239896956,0,Inf,"Grass"
"J8",1942,0.0528699250218248,0,Inf,"Grass"
"J8",1947,0.0668676879885754,0,Inf,"Grass"
"J8",1952,0.0286137833421728,0,Inf,"Grass"
"J8",1957,0.00235536250010487,0,Inf,"Bare"
"J8",1962,0.00197124999760068,0,Inf,"Bare"
"J8",1967,3.125e-05,0,Inf,"Bare"
"J8",1972,0.000298949998976209,0,Inf,"Bare"
"J8",1977,0.0287166600039045,0,Inf,"Grass"
"J8",1995,0.00772289893478187,0,Inf,"Bare"
"J8",2001,0.00461495276163039,0,Inf,"Bare"
"J8",2006,0.00309616998320997,0.000866310007824152,3.5739746225331,"Bare"
"J8",2011,0,0.0709581348968314,0,"Shrub"
"J8",2016,0,0.190821329993284,0,"Shrub"
"J9",1917,0.0715455499870336,0,Inf,"Grass"
"J9",1922,0.0597718033173805,0,Inf,"Grass"
"J9",1927,0.0688393016801101,0,Inf,"Grass"
"J9",1932,0.0442054200029212,0,Inf,"Grass"
"J9",1937,0.0496152530022906,0,Inf,"Grass"
"J9",1942,0.0675910900028708,0,Inf,"Grass"
"J9",1947,0.0661585080070964,0,Inf,"Grass"
"J9",1952,0.0189291333325812,0,Inf,"Grass"
"J9",1957,0.0186278749993927,0,Inf,"Grass"
"J9",1962,0.0271399616507401,0,Inf,"Grass"
"J9",1967,0.0141621833394238,0,Inf,"Grass"
"J9",1972,0.00416139251290058,0,Inf,"Bare"
"J9",1977,0,0,NA,"Bare"
"J9",1995,0.00635920922551468,0,Inf,"Bare"
"J9",2001,0,0,NA,"Bare"
"J9",2006,0.00112968497546814,0,Inf,"Bare"
"J9",2011,0.00302642002865665,0,Inf,"Bare"
"J9",2016,0.000109329996706992,0,Inf,"Bare"
"K1",1917,0.0597710750029227,0,Inf,"Grass"
"K1",1922,0.0556101875263951,0,Inf,"Grass"
"K1",1927,0.0689183980070656,0,Inf,"Grass"
"K1",1932,0.0750549812502855,0,Inf,"Grass"
"K1",1937,0.0884162000031199,0,Inf,"Grass"
"K1",1942,0.0419663209980335,0,Inf,"Grass"
"K1",1947,0.0215045537475804,0,Inf,"Grass"
"K1",1952,0.0200373287386929,0,Inf,"Grass"
"K1",1957,0.0319701500080288,0,Inf,"Grass"
"K1",1962,0.0261745649975858,0,Inf,"Grass"
"K1",1972,0.0724714000053128,0.143317750004055,0.505669395474478,"Mixed"
"K1",1977,0.21551707995848,0.447509445058154,0.481592248696502,"Shrub"
"K1",1995,0.110263523375286,0,Inf,"Grass"
"K1",2001,0.013071196440708,0.00136126374206364,9.60225122935575,"Grass"
"K1",2006,0.0257540250703771,2.5e-05,1030.16100281508,"Grass"
"K1",2011,0,0,NA,"Bare"
"K1",2016,0.00706472000158459,0,Inf,"Bare"
"K2",1917,0.0298593000085028,3.75e-05,796.248000226742,"Grass"
"K2",1922,0.0166925420025174,2e-05,834.62710012587,"Grass"
"K2",1927,0.00237449999034824,0,Inf,"Bare"
"K2",1967,0,0,NA,"Bare"
"K2",1977,0,0,NA,"Bare"
"K2",1995,0.0138586409296763,0,Inf,"Grass"
"K2",2001,0.0462921074425928,0.00281325443690072,16.4550020202195,"Grass"
"K2",2006,0.00832974500446125,0.0462783150908104,0.179992400071525,"Shrub"
"K2",2011,0,0.0848780301301957,0,"Shrub"
"K2",2016,0,0.174728830185779,0,"Shrub"
"K3",1917,0.0224578262389106,1.875e-05,1197.7507327419,"Grass"
"K3",1922,0.0212818499773164,0,Inf,"Grass"
"K3",1927,0.0950349840093844,0,Inf,"Grass"
"K3",1932,0.110435439032917,0,Inf,"Grass"
"K3",1937,0.08025198999999,0,Inf,"Grass"
"K3",1942,0.0588343559928771,0,Inf,"Grass"
"K3",1947,0.0373566500055604,0,Inf,"Grass"
"K3",1952,0.00246166666607527,0,Inf,"Bare"
"K3",1957,0.00242153125264417,0,Inf,"Bare"
"K3",1962,0.0103248333356885,0,Inf,"Grass"
"K3",1967,0.00269701666210112,0,Inf,"Bare"
"K3",1972,0.0203559833389376,0,Inf,"Grass"
"K3",1977,0.0397687174869934,0,Inf,"Grass"
"K3",1995,0.00728797560492623,0.247524812380422,0.029443414318098,"Shrub"
"K3",2001,0.00300227100449571,0.050242013743026,0.0597561837360162,"Shrub"
"K3",2006,0.0101736750567023,0.0534886899711373,0.190202359829565,"Shrub"
"K3",2011,0,0.0844237299143956,0,"Shrub"
"K3",2016,0.00471817503678501,0.145378544812355,0.0324544109509069,"Shrub"
"K4",1917,0.0362879199896789,0.00245655624228893,14.7718661453756,"Grass"
"K4",1922,0.0164763419777269,0.000397822996415988,41.4162633285739,"Grass"
"K4",1927,0.0746798450764107,0,Inf,"Grass"
"K4",1932,0.0886005840122,0,Inf,"Grass"
"K4",1937,0.0645192849434486,4.85010018331704e-05,1330.26705644919,"Grass"
"K4",1942,0.0331445460044575,0,Inf,"Grass"
"K4",1947,0.00355801251723683,0,Inf,"Bare"
"K4",1952,0,0,NA,"Bare"
"K4",1957,0,0,NA,"Bare"
"K4",1962,0,0,NA,"Bare"
"K4",1995,0,0.437085717193998,0,"Shrub"
"K4",2001,0,0.716032743635395,0,"Shrub"
"K4",2006,0,0.633289340120875,0,"Shrub"
"K4",2011,0,0.402222250082265,0,"Shrub"
"K4",2016,0,0.807003540092188,0,"Shrub"
"L1",1917,0.0605130399639203,0,Inf,"Grass"
"L1",1922,0.0400614599674132,0,Inf,"Grass"
"L1",1927,0.0748359500171094,0,Inf,"Grass"
"L1",1932,0.0580847200121673,0,Inf,"Grass"
"L1",1937,0.0401292920005934,0,Inf,"Grass"
"L1",1942,0.0281765624852029,0,Inf,"Grass"
"L1",1947,0.0112816624984734,0,Inf,"Grass"
"L1",1952,0.0403624499931683,0,Inf,"Grass"
"L1",1957,0.378566000059987,0,Inf,"Grass"
"L1",1962,0.347846099883803,0,Inf,"Grass"
"L1",1967,0.099889190002742,0,Inf,"Grass"
"L1",1977,0,0,NA,"Bare"
"L1",1995,0.00413745084961956,0,Inf,"Bare"
"L1",2001,0.00130771062482385,0,Inf,"Bare"
"L1",2006,0.0024187249980826,0,Inf,"Bare"
"L1",2011,0.00198993998346798,0,Inf,"Bare"
"L1",2016,0.00246680999066547,0,Inf,"Bare"
"L2",1917,0.0234969937535008,0,Inf,"Grass"
"L2",1922,0.022900394994846,0,Inf,"Grass"
"L2",1927,0.0859787316440756,0,Inf,"Grass"
"L2",1932,0.122091344014154,0,Inf,"Grass"
"L2",1937,0.0864146569844959,0,Inf,"Grass"
"L2",1942,0.0788630712656634,0,Inf,"Grass"
"L2",1947,0.0597206849895216,0,Inf,"Grass"
"L2",1952,0.00521725000493612,0,Inf,"Bare"
"L2",1957,0,0,NA,"Bare"
"L2",1962,0,0,NA,"Bare"
"L2",1967,0,0,NA,"Bare"
"L2",1977,0.0995173332893839,0,Inf,"Grass"
"L2",1995,8e-04,0,Inf,"Bare"
"L2",2001,0,0,NA,"Bare"
"L2",2006,0,0,NA,"Bare"
"L2",2011,0,0,NA,"Bare"
"L2",2016,0,0,NA,"Bare"
"L3",1917,0.0321307916672469,0,Inf,"Grass"
"L3",1922,0.0476069759849123,0,Inf,"Grass"
"L3",1927,0.154095376654409,0,Inf,"Grass"
"L3",1932,0.244866470975765,0,Inf,"Grass"
"L3",1937,0.174829276002277,0,Inf,"Grass"
"L3",1942,0.263829337553558,0,Inf,"Grass"
"L3",1947,0.220029558716415,0,Inf,"Grass"
"L3",1952,0.106359938327482,0,Inf,"Grass"
"L3",1957,0.0827726983239692,0,Inf,"Grass"
"L3",1962,0.251949080083787,2.5e-05,10077.9632033515,"Grass"
"L3",1967,0.32624831991739,0,Inf,"Grass"
"L3",1972,0.252003770010216,0,Inf,"Grass"
"L3",1977,0.3467007000507,0,Inf,"Grass"
"L3",1995,0.051478958626321,0,Inf,"Grass"
"L3",2001,0.0751643887419026,0,Inf,"Grass"
"L3",2006,0.0624603498378504,0,Inf,"Grass"
"L3",2011,0.0287367300266907,0,Inf,"Grass"
"L3",2016,0.0610190199511196,0,Inf,"Grass"
"L4",1917,0.0468551166739844,0,Inf,"Grass"
"L4",1922,0.0193504309965572,0,Inf,"Grass"
"L4",1927,0.0775548583444234,0,Inf,"Grass"
"L4",1932,0.116880731968622,0,Inf,"Grass"
"L4",1937,0.0724336710205918,0,Inf,"Grass"
"L4",1942,0.135337537492909,0,Inf,"Grass"
"L4",1947,0.0707484362388408,0,Inf,"Grass"
"L4",1952,0.0213268833376033,0,Inf,"Grass"
"L4",1957,0.00474904999619174,0,Inf,"Bare"
"L4",1962,0.029446699981191,0,Inf,"Grass"
"L4",1967,0.0649072999847067,0,Inf,"Grass"
"L4",1972,0.105197077547629,0,Inf,"Grass"
"L4",1977,0.216521766671685,0,Inf,"Grass"
"L4",1995,0.13505909564905,0,Inf,"Grass"
"L4",2001,0.120549279998943,0,Inf,"Grass"
"L4",2006,0.11178688002036,0.0016564950236614,67.4839817950519,"Grass"
"L4",2011,0.0230166649297839,0,Inf,"Grass"
"L4",2016,0.00786834999535196,0,Inf,"Bare"
"L5",1917,0.0310649899938221,0,Inf,"Grass"
"L5",1922,0.0066723560177932,0,Inf,"Bare"
"L5",1927,0,0,NA,"Bare"
"L5",1932,0,0,NA,"Bare"
"L5",1937,0,0,NA,"Bare"
"L5",1942,0,0,NA,"Bare"
"L5",1952,0,0,NA,"Bare"
"L5",1977,0,0,NA,"Bare"
"L5",1995,0,0.000313263993324453,0,"Bare"
"L5",2001,0,0,NA,"Bare"
"L5",2006,0,0.0262981849102402,0,"Shrub"
"L5",2011,0,0,NA,"Bare"
"L5",2016,0,0,NA,"Bare"
"M5",1917,0.050479559989273,0,Inf,"Grass"
"M5",1922,0.0356175287278,0,Inf,"Grass"
"M5",1927,0.0395998759910376,0,Inf,"Grass"
"M5",1932,0.0128704249953686,0,Inf,"Grass"
"M5",1937,0.00051159999993415,0,Inf,"Bare"
"M5",1942,0.00913942500380776,0,Inf,"Bare"
"M5",1947,0.00848416666967368,0,Inf,"Bare"
"M5",1952,0,0,NA,"Bare"
"M5",1957,0,0,NA,"Bare"
"M5",1967,0.00015,0,Inf,"Bare"
"M5",1972,0,0,NA,"Bare"
"M5",1977,0.00100763333029728,0,Inf,"Bare"
"M5",1995,0.0467402561744649,0,Inf,"Grass"
"M5",2001,0.0521091650609217,0,Inf,"Grass"
"M5",2006,0.00414159499633192,0,Inf,"Bare"
"M5",2011,0.00174746500591174,0,Inf,"Bare"
"M5",2016,0.00947316498211309,0,Inf,"Bare"
"M6",1917,0.0601038100024842,0,Inf,"Grass"
"M6",1922,0.0644576774952045,0,Inf,"Grass"
"M6",1927,0.0535089060121412,0,Inf,"Grass"
"M6",1932,0.0488592059859716,0,Inf,"Grass"
"M6",1937,0.00249387624765531,0,Inf,"Bare"
"M6",1942,0,0,NA,"Bare"
"M6",1947,0,0,NA,"Bare"
"M6",1952,0,0,NA,"Bare"
"M6",1957,0,0,NA,"Bare"
"M6",1972,0.000989249998280313,0,Inf,"Bare"
"M6",1977,0.0812749487451158,0,Inf,"Grass"
"M6",1995,0,0.0444158332928961,0,"Shrub"
"M6",2001,0,0,NA,"Bare"
"M6",2006,0,0.0286211899327575,0,"Shrub"
"M6",2011,0,0,NA,"Bare"
"M6",2016,0,0,NA,"Bare"
"N1",1917,0.0406930637081752,0,Inf,"Grass"
"N1",1922,0.0186491029969567,0,Inf,"Grass"
"N1",1927,0.070886424968737,0,Inf,"Grass"
"N1",1932,0.090079105081514,0,Inf,"Grass"
"N1",1937,0.0843992110898898,0,Inf,"Grass"
"N1",1942,0.110738316996125,0,Inf,"Grass"
"N1",1947,0.0827776799867785,0.000193095999455914,428.686664767892,"Grass"
"N1",1952,0.045509566627645,0,Inf,"Grass"
"N1",1957,0.048707472491772,0,Inf,"Grass"
"N1",1962,0.0680064124791917,0,Inf,"Grass"
"N1",1967,0.0720327838358726,0,Inf,"Grass"
"N1",1972,0.136826125019542,0,Inf,"Grass"
"N1",1977,0.145461898048453,0,Inf,"Grass"
"N1",1995,0.0967756467197,0,Inf,"Grass"
"N1",2001,0.0234397384739999,0,Inf,"Grass"
"N1",2006,0.0241298501489718,0,Inf,"Grass"
"N1",2011,0.0259744249352243,0,Inf,"Grass"
"N1",2016,0.0155935350110215,0,Inf,"Grass"
"N3",1917,0.043316566239468,0,Inf,"Grass"
"N3",1922,0.0321102600277548,0,Inf,"Grass"
"N3",1927,0.0751911699659945,0,Inf,"Grass"
"N3",1932,0.155856771216261,0,Inf,"Grass"
"N3",1937,0.0974177409637443,0,Inf,"Grass"
"N3",1942,0.102316714898191,0,Inf,"Grass"
"N3",1947,0.0966047229340441,0,Inf,"Grass"
"N3",1952,0.0732370449391007,0,Inf,"Grass"
"N3",1957,0.0565303562767736,0,Inf,"Grass"
"N3",1962,0.00842277500788532,0,Inf,"Bare"
"N3",1967,3.75e-05,0,Inf,"Bare"
"N3",1972,0.0185495637566975,0,Inf,"Grass"
"N3",1977,0.067072874919964,0,Inf,"Grass"
"N3",1995,0.0257153963137499,0,Inf,"Grass"
"N3",2001,0.0279835946657678,0,Inf,"Grass"
"N3",2006,0.00968949505776272,0,Inf,"Bare"
"N3",2011,0.0182796150130985,0,Inf,"Grass"
"N3",2016,0,0,NA,"Bare"
"N3A",1927,0.0961889749762226,0,Inf,"Grass"
"N3A",1932,0.115473472016917,0,Inf,"Grass"
"N3A",1937,0.099815664924725,0,Inf,"Grass"
"N3A",1942,0.121381248042587,0,Inf,"Grass"
"N3A",1947,0.132856820995713,0,Inf,"Grass"
"N3A",1952,0.0455295332850092,0,Inf,"Grass"
"N3A",1957,0.0104759800027706,0,Inf,"Grass"
"N3A",1962,0.0307177249879526,0,Inf,"Grass"
"N3A",1967,0.001150718324327,0,Inf,"Bare"
"N3A",1972,0.027807042477901,0,Inf,"Grass"
"N3A",1977,0.0300407799671473,0,Inf,"Grass"
"N3A",1995,0.0198787983287348,0.00148689109107321,13.3693707952656,"Grass"
"N3A",2001,0.0469097900804918,0.00218982379819082,21.4217190073683,"Grass"
"N3A",2006,0.00332029000561782,0.0346403699283163,0.0958503044998862,"Shrub"
"N3A",2011,0.00246961500083305,0,Inf,"Bare"
"N3A",2016,0.000175025006061793,0.273468800228237,0.000640018188238355,"Shrub"
"N4",1917,0.0399780149112927,0,Inf,"Grass"
"N4",1922,0.0313442219186193,0,Inf,"Grass"
"N4",1927,0.0489037290238573,0,Inf,"Grass"
"N4",1932,0.103107558958207,0,Inf,"Grass"
"N4",1937,0.0342743962744263,0,Inf,"Grass"
"N4",1942,0.0536839249491234,0,Inf,"Grass"
"N4",1947,0.0835878250366982,0,Inf,"Grass"
"N4",1952,0.0723652416862072,0,Inf,"Grass"
"N4",1957,0,0,NA,"Bare"
"N4",1962,0,0,NA,"Bare"
"N4",1967,0.00027034249727873,0.00581881373824664,0.0464600706329175,"Bare"
"N4",1972,0.00783104500732052,0,Inf,"Bare"
"N4",1977,0.0446813180252686,0,Inf,"Grass"
"N4",1995,0.0492464502639173,0,Inf,"Grass"
"N4",2001,0.0377900842415617,0,Inf,"Grass"
"N4",2006,0.0064467500573285,0,Inf,"Bare"
"N4",2011,0.00342512000941776,0,Inf,"Bare"
"N4",2016,2.5e-05,0,Inf,"Bare"
"N5",1917,0.0483580499970511,0,Inf,"Grass"
"N5",1922,0.0354151239253616,0,Inf,"Grass"
"N5",1927,0.0601934659762383,0,Inf,"Grass"
"N5",1932,0.0703060100659893,0,Inf,"Grass"
"N5",1937,0.0339115919621998,0,Inf,"Grass"
"N5",1942,0.0733404710031216,0,Inf,"Grass"
"N5",1947,0.0679546220206558,1.5e-05,4530.30813471039,"Grass"
"N5",1952,0.0495359783578281,0,Inf,"Grass"
"N5",1957,0,0,NA,"Bare"
"N5",1962,0,0,NA,"Bare"
"N5",1967,0.0081168024835314,0,Inf,"Bare"
"N5",1972,0.0480435050044878,0,Inf,"Grass"
"N5",1977,0.0878423400715848,0,Inf,"Grass"
"N5",1995,0.0257700812963768,0.138264030317869,0.186383119580207,"Shrub"
"N5",2001,0.00158688158386768,0.732642776254397,0.00216596905790915,"Shrub"
"N5",2006,0.0370137700088634,0.988631934126048,0.0374393833854696,"Shrub"
"N5",2011,0,0.632170504489214,0,"Shrub"
"N5",2016,0.00997760501410671,1.00509905971998,0.00992698671600237,"Shrub"
"N6",1917,0.0500628149294531,0,Inf,"Grass"
"N6",1922,0.0358243379980209,0,Inf,"Grass"
"N6",1927,0.108056889085932,0,Inf,"Grass"
"N6",1932,0.175510306986952,0,Inf,"Grass"
"N6",1937,0.136675765002356,0,Inf,"Grass"
"N6",1942,0.135730374905827,0,Inf,"Grass"
"N6",1947,0.149121897081277,0,Inf,"Grass"
"N6",1952,0.051682993333076,0,Inf,"Grass"
"N6",1957,1.66666666666667e-05,0.00268332167587983,0.00621120710814586,"Bare"
"N6",1962,0.0128838300020844,0,Inf,"Grass"
"N6",1967,0.00327614166122017,0,Inf,"Bare"
"N6",1972,0.0260849899751048,0,Inf,"Grass"
"N6",1977,0.0748939098668827,0,Inf,"Grass"
"N6",1995,0.025015572942427,0,Inf,"Grass"
"N6",2001,0.0102959701929596,0.000500025460805232,20.5908918645446,"Grass"
"N6",2006,0.0131422200430564,0,Inf,"Grass"
"N6",2011,0.00822163995227651,0,Inf,"Bare"
"N6",2016,0,0,NA,"Bare"
"P1",1917,0.114808469939419,0,Inf,"Grass"
"P1",1922,0.119131892451891,0,Inf,"Grass"
"P1",1927,0.250397331970023,0,Inf,"Grass"
"P1",1932,0.254090936090511,0,Inf,"Grass"
"P1",1937,0.176180689987653,6.25e-06,28188.9103980245,"Grass"
"P1",1942,0.188942428678586,0,Inf,"Grass"
"P1",1947,0.192808431843346,0,Inf,"Grass"
"P1",1952,0.0841416399958765,0,Inf,"Grass"
"P1",1957,0.198691502508381,0,Inf,"Grass"
"P1",1972,0.230537903438398,0,Inf,"Grass"
"P1",1977,0.693907748999508,0,Inf,"Grass"
"P1",1995,0.353943247573002,0,Inf,"Grass"
"P1",2001,0.351808332981375,0,Inf,"Grass"
"P1",2006,0.238039570044981,0,Inf,"Grass"
"P1",2011,0.0443619100414461,2.5e-05,1774.47640165784,"Grass"
"P1",2016,0.0494234099418857,0,Inf,"Grass"
"P2",1917,0.133407439726897,0,Inf,"Grass"
"P2",1922,0.169717386561232,0,Inf,"Grass"
"P2",1927,0.253250417890844,5e-06,50650.0835781689,"Grass"
"P2",1932,0.358193818066526,0,Inf,"Grass"
"P2",1937,0.256114880115547,0,Inf,"Grass"
"P2",1942,0.250067408688817,0,Inf,"Grass"
"P2",1947,0.149878788387425,0,Inf,"Grass"
"P2",1952,0,0,NA,"Bare"
"P2",1957,0,0,NA,"Bare"
"P2",1962,0.01895563497713,5e-05,379.1126995426,"Grass"
"P2",1967,0.0381991749833849,1e-04,381.991749833849,"Grass"
"P2",1972,0.0192282750565106,0,Inf,"Grass"
"P2",1977,0.236393460006257,0.00247646500077828,95.4560068209991,"Grass"
"P2",1995,0.254195261805857,0.0964223677701791,2.63626861364499,"Grass"
"P2",2001,0.139161238689366,0.076911484715234,1.80936877248714,"Mixed"
"P2",2006,0.0371679248918358,0.0622608350803023,0.596971191341999,"Mixed"
"P2",2011,0.104712614911692,0.0459102700969833,2.28081025640867,"Grass"
"P2",2016,0.149101949819497,0,Inf,"Grass"
"P3",1917,0.080499894883988,0,Inf,"Grass"
"P3",1922,0.0713890513755688,0,Inf,"Grass"
"P3",1927,0.132205462099805,0,Inf,"Grass"
"P3",1932,0.167070265021954,0,Inf,"Grass"
"P3",1937,0.0728487329459666,1e-05,7284.87329459666,"Grass"
"P3",1942,0.0582337611863338,0,Inf,"Grass"
"P3",1947,0.0282179850206357,0,Inf,"Grass"
"P3",1957,0,0,NA,"Bare"
"P3",1962,0,0,NA,"Bare"
"P3",1967,0.020022635048827,0.0194530700100123,1.0292789281343,"Mixed"
"P3",1972,0.129878522455878,0.000384292494901903,337.967886906124,"Grass"
"P3",1977,0.24960513001533,0.00269740749560643,92.535195524551,"Grass"
"P3",1995,0.223594311015186,0.00778414987293589,28.7243070425177,"Grass"
"P3",2001,0.139736702535674,0,Inf,"Grass"
"P3",2006,0.115630664876399,0,Inf,"Grass"
"P3",2011,0.174120955079447,0,Inf,"Grass"
"P3",2016,0.116407595103278,0,Inf,"Grass"
"P4",1917,0.0891436048834719,0,Inf,"Grass"
"P4",1922,0.188700607386049,0,Inf,"Grass"
"P4",1927,0.226549870064414,0,Inf,"Grass"
"P4",1932,0.352515726835741,0,Inf,"Grass"
"P4",1937,0.311374325841208,5e-06,62274.8651682417,"Grass"
"P4",1942,0.319237675035285,0,Inf,"Grass"
"P4",1947,0.289770578299725,0,Inf,"Grass"
"P4",1952,0.249550234983602,0,Inf,"Grass"
"P4",1957,0.176074302379901,0,Inf,"Grass"
"P4",1962,0.441753515132645,0,Inf,"Grass"
"P4",1972,1.00730275197186,0,Inf,"Grass"
"P4",1977,1.00947900403363,0,Inf,"Grass"
"P4",1995,0.294389697942175,0,Inf,"Grass"
"P4",2001,0.23866059097806,0,Inf,"Grass"
"P4",2006,0.188131655211431,0,Inf,"Grass"
"P4",2011,0.0144973999977507,0,Inf,"Grass"
"P4",2016,0.0370766950463022,0,Inf,"Grass"
"P5",1927,0.157817039989682,5.83333333333333e-05,2705.43497125169,"Grass"
"P5",1932,0.115650050888357,1.5e-05,7710.00339255712,"Grass"
"P5",1937,0.222089999018816,0,Inf,"Grass"
"P5",1942,0.135726648701243,0,Inf,"Grass"
"P5",1947,0.0844874149027016,0,Inf,"Grass"
"P5",1952,0,0,NA,"Bare"
"P5",1957,0,0,NA,"Bare"
"P5",1972,0,0,NA,"Bare"
"P5",1995,0.0215875466355783,0.833674031544679,0.0258944693234353,"Shrub"
"P5",2001,0.0409984219971793,1.09904103487875,0.0373038136849025,"Shrub"
"P5",2006,0.00444205503928632,1.0050376011993,0.00441978990038349,"Shrub"
"P5",2011,0.0041319450488615,0.990230735792908,0.0041727093489508,"Shrub"
"P5",2016,0.00159088000053063,0.946725374219302,0.00168040283259812,"Shrub"
"R1",1917,0.0233371449882608,0,Inf,"Grass"
"R1",1922,0.0144615620081135,0,Inf,"Grass"
"R1",1927,0.0530785479667675,0,Inf,"Grass"
"R1",1932,0.103842224018512,0,Inf,"Grass"
"R1",1937,0.0241691430492077,0,Inf,"Grass"
"R1",1942,0.0656548130634344,0,Inf,"Grass"
"R1",1947,0.0412050999783772,0,Inf,"Grass"
"R1",1952,0.0327818833560013,0,Inf,"Grass"
"R1",1957,0.000805241243077869,0,Inf,"Bare"
"R1",1962,0.0151468275053768,0,Inf,"Grass"
"R1",1967,0.00239986498838251,0,Inf,"Bare"
"R1",1972,0.0172700362736977,0,Inf,"Grass"
"R1",1977,0.00289219702259886,0,Inf,"Bare"
"R1",1995,0.0136691521836125,0,Inf,"Grass"
"R1",2001,0.0112551327527469,0,Inf,"Grass"
"R1",2006,0.00349668000066251,0.00129962499140203,2.69052997887514,"Bare"
"R1",2011,0.000364710015448705,0,Inf,"Bare"
"R1",2016,7.3394995394647e-05,0,Inf,"Bare"
"R2",1917,0.0334424600239405,0,Inf,"Grass"
"R2",1922,0.0183549540125801,0,Inf,"Grass"
"R2",1927,0.0485222019906375,0,Inf,"Grass"
"R2",1932,0.126699533912754,0,Inf,"Grass"
"R2",1937,0.0600807839794457,5e-06,12016.1567958891,"Grass"
"R2",1942,0.0973613460868081,0,Inf,"Grass"
"R2",1947,0.105887226247868,0,Inf,"Grass"
"R2",1952,0.0343701716147893,0,Inf,"Grass"
"R2",1957,0.00511783998084472,0,Inf,"Bare"
"R2",1962,0.00307094833724223,0,Inf,"Bare"
"R2",1967,0.000738371673328878,0,Inf,"Bare"
"R2",1972,0.0422675787341887,0,Inf,"Grass"
"R2",1977,0.0968465299953698,0,Inf,"Grass"
"R2",1995,0.0154452113095159,0,Inf,"Grass"
"R2",2006,0.0156215599868675,0,Inf,"Grass"
"R2",2011,0,0,NA,"Bare"
"R2",2016,0,0,NA,"Bare"
"R3",1917,0.0324916399942233,0,Inf,"Grass"
"R3",1922,0.021622849989209,0,Inf,"Grass"
"R3",1927,0.0713666670060619,0,Inf,"Grass"
"R3",1932,0.140970719025972,0,Inf,"Grass"
"R3",1937,0.0769188369851851,0,Inf,"Grass"
"R3",1942,0.0664879630357264,0,Inf,"Grass"
"R3",1947,0.0972970500875551,0,Inf,"Grass"
"R3",1952,0.0138638199552201,0,Inf,"Grass"
"R3",1957,0.012217619999555,0,Inf,"Grass"
"R3",1962,0.00763960831903019,0,Inf,"Bare"
"R3",1967,0.0054720633075012,0,Inf,"Bare"
"R3",1972,0.0535188462155166,0,Inf,"Grass"
"R3",1977,0.0884279830151416,0,Inf,"Grass"
"R3",1995,0.00450663405542781,0,Inf,"Bare"
"R3",2001,2.5e-05,0,Inf,"Bare"
"R3",2006,0.0192679998314641,0,Inf,"Grass"
"R3",2011,0.00683278995951734,0,Inf,"Bare"
"R3",2016,0,0,NA,"Bare"
"R4",1917,0.0372480252047558,0,Inf,"Grass"
"R4",1922,0.0215459440221713,0,Inf,"Grass"
"R4",1927,0.0575708349704901,0,Inf,"Grass"
"R4",1932,0.0908336580276375,0,Inf,"Grass"
"R4",1937,0.0548236869890568,0,Inf,"Grass"
"R4",1942,0.035142943003254,0,Inf,"Grass"
"R4",1947,0.066435093747104,0,Inf,"Grass"
"R4",1952,0.0298923324945248,0,Inf,"Grass"
"R4",1957,0.000965799999801255,0,Inf,"Bare"
"R4",1962,8.33333333333333e-06,0,Inf,"Bare"
"R4",1967,0,0,NA,"Bare"
"R4",1972,0.00133726750104603,0,Inf,"Bare"
"R4",1977,0.064070408708462,0,Inf,"Grass"
"R4",1995,0.00689403008007186,0,Inf,"Bare"
"R4",2001,0.0140321954554608,0,Inf,"Grass"
"R4",2006,0.00942328001687982,0,Inf,"Bare"
"R4",2011,0.00515064999350756,0,Inf,"Bare"
"R4",2016,0.000744635006585866,0,Inf,"Bare"
"T1",1927,0.198854683780909,0,Inf,"Grass"
"T1",1932,0.13496536094471,0,Inf,"Grass"
"T1",1937,0.139130430039666,0,Inf,"Grass"
"T1",1942,0.187271997390479,0,Inf,"Grass"
"T1",1967,0.123072177519392,0,Inf,"Grass"
"T1",1972,0.159517414881741,0,Inf,"Grass"
"T1",1977,0.218616883670414,0,Inf,"Grass"
"T1",1995,0.00763040584448011,0,Inf,"Bare"
"T1",2001,0.00206151136048929,0,Inf,"Bare"
"T1",2006,0.00071524000880517,0,Inf,"Bare"
"T1",2011,0.0116786549788744,0,Inf,"Grass"
"T1",2016,0.0274514800245878,0,Inf,"Grass"
"T10",1927,0.208839506635948,0,Inf,"Grass"
"T10",1932,0.24674048902843,0,Inf,"Grass"
"T10",1937,0.163987490010683,0,Inf,"Grass"
"T10",1942,0.193375955002489,0,Inf,"Grass"
"T10",1967,0.095564749971631,0,Inf,"Grass"
"T10",1972,0.21105033376702,0,Inf,"Grass"
"T10",1977,0.345703425009869,0,Inf,"Grass"
"T10",1995,0.0802278875537066,0.0536522000164645,1.49533267096385,"Mixed"
"T10",2001,0.30626443323754,0.0178570533012727,17.1508942752448,"Grass"
"T10",2006,0.130864719884378,0,Inf,"Grass"
"T10",2011,0.0945558249549244,0.0408243750600051,2.31616098999539,"Grass"
"T10",2016,0.0175370000114776,0.166998724974809,0.105012777876735,"Shrub"
"T11",1927,0.280243663383177,0,Inf,"Grass"
"T11",1932,0.223520093018534,0,Inf,"Grass"
"T11",1937,0.158522873001228,5e-06,31704.5746002456,"Grass"
"T11",1942,0.165135696649011,0,Inf,"Grass"
"T11",1967,0.0645465250036716,0,Inf,"Grass"
"T11",1972,0.0814017499739014,0,Inf,"Grass"
"T11",1995,0.173724579254975,0,Inf,"Grass"
"T11",2001,0.163428001450207,0,Inf,"Grass"
"T11",2006,0.0656653150690398,2.5e-05,2626.61260276159,"Grass"
"T11",2011,0.100321794945557,0,Inf,"Grass"
"T11",2016,0.029991785032008,0,Inf,"Grass"
"T2",1927,0.261713873644285,0,Inf,"Grass"
"T2",1932,0.28750985481773,0,Inf,"Grass"
"T2",1937,0.235424975995453,2e-05,11771.2487997726,"Grass"
"T2",1942,0.253162014604625,0.00576039003082425,43.948762713972,"Grass"
"T2",1972,9.19366616360097e-05,0.0993435183420832,0.000925441973168612,"Shrub"
"T2",1977,0.0213413339539215,0.0559938029719361,0.381137426308009,"Shrub"
"T2",1995,0.339502687746757,0.413000946082743,0.822038523075778,"Mixed"
"T2",2001,0.199544887657352,0.23631961823709,0.844385621244346,"Mixed"
"T2",2006,0.119876669895839,0.20178758506225,0.594073564331809,"Mixed"
"T2",2011,0.134290129918142,0.358443845139376,0.374647610048724,"Shrub"
"T2",2016,0.0491522297523753,0.271713419940296,0.180897321019976,"Shrub"
"T3",1927,0.203992577454449,0,Inf,"Grass"
"T3",1932,0.232637009928817,0,Inf,"Grass"
"T3",1937,0.0740026329784257,0,Inf,"Grass"
"T3",1942,0.11933990491688,0,Inf,"Grass"
"T3",1972,0.00937418668088519,0,Inf,"Bare"
"T3",1977,0.042536036062539,0,Inf,"Grass"
"T3",1995,0.17574933577496,0,Inf,"Grass"
"T3",2001,0.300803088765146,0,Inf,"Grass"
"T3",2006,0.171942575102805,0,Inf,"Grass"
"T3",2011,0.153122149794408,0,Inf,"Grass"
"T3",2016,0.0421284551497065,0,Inf,"Grass"
"T4",1927,0.276839673582963,0,Inf,"Grass"
"T4",1932,0.313829175022615,0,Inf,"Grass"
"T4",1937,0.296869213867433,0,Inf,"Grass"
"T4",1942,0.259999127366712,0,Inf,"Grass"
"T4",1967,0.495141444689924,0,Inf,"Grass"
"T4",1972,0.359899975017605,0,Inf,"Grass"
"T4",1977,0.734043924934241,0,Inf,"Grass"
"T4",1995,0.0497593711712952,0,Inf,"Grass"
"T4",2001,0.258294185185874,0.00121773880439084,212.109677588112,"Grass"
"T4",2006,0.176380664817586,0,Inf,"Grass"
"T4",2011,0.187079985036754,0,Inf,"Grass"
"T4",2016,0.116571774897615,0,Inf,"Grass"
"T5",1927,0.17733721753915,0,Inf,"Grass"
"T5",1932,0.1896234920209,0,Inf,"Grass"
"T5",1937,0.141356135994866,1.5e-05,9423.74239965775,"Grass"
"T5",1942,0.208428744958116,0,Inf,"Grass"
"T5",1967,0.069927807505891,0,Inf,"Grass"
"T5",1972,0.139266649982144,0,Inf,"Grass"
"T5",1977,0.18816690401349,0,Inf,"Grass"
"T5",1995,0.0246230089116762,0,Inf,"Grass"
"T5",2001,0.0354018723740335,0,Inf,"Grass"
"T5",2006,0.0380860650475765,0,Inf,"Grass"
"T5",2011,0.0324379249658201,0,Inf,"Grass"
"T5",2016,0.0133845100915094,0,Inf,"Grass"
"T6",1927,0.1713574362466,0,Inf,"Grass"
"T6",1932,0.1639793179708,0,Inf,"Grass"
"T6",1937,0.188139061944218,0,Inf,"Grass"
"T6",1942,0.258236010002531,0,Inf,"Grass"
"T6",1967,0.221573640057804,0,Inf,"Grass"
"T6",1972,0.207562530979828,0,Inf,"Grass"
"T6",1977,0.24206597706327,0,Inf,"Grass"
"T6",1995,0.104055918011264,0,Inf,"Grass"
"T6",2001,0.115748030259705,2.5e-05,4629.9212103882,"Grass"
"T6",2006,0.0620897600573746,0,Inf,"Grass"
"T6",2011,0.0615619101014697,0,Inf,"Grass"
"T6",2016,0.0279004100023789,0,Inf,"Grass"
"T7",1927,0.182540139993052,0,Inf,"Grass"
"T7",1932,0.286536191004119,0,Inf,"Grass"
"T7",1937,0.282043501932149,0,Inf,"Grass"
"T7",1942,0.199457789984748,0,Inf,"Grass"
"T7",1957,0.0517647799568402,0,Inf,"Grass"
"T7",1967,0.0621839749922029,0,Inf,"Grass"
"T7",1972,0.0703502489997977,0,Inf,"Grass"
"T7",1977,0.0157935000076189,0,Inf,"Grass"
"T7",1995,0.304323900170512,2.5e-05,12172.9560068205,"Grass"
"T7",2001,0.308601509798327,0,Inf,"Grass"
"T7",2006,0.0609066950094777,2.5e-05,2436.26780037911,"Grass"
"T7",2011,0.0994812349513893,0,Inf,"Grass"
"T7",2016,0.0671128251087453,0,Inf,"Grass"
"T8",1927,0.271859758387313,0.000149333332874191,1820.48945908377,"Grass"
"T8",1932,0.322303337940671,5e-06,64460.6675881341,"Grass"
"T8",1937,0.298552464986373,0,Inf,"Grass"
"T8",1942,0.200594418279926,0,Inf,"Grass"
"T8",1957,0.27118333997904,0,Inf,"Grass"
"T8",1967,0.241785997411885,0,Inf,"Grass"
"T8",1972,0.211855868966934,0,Inf,"Grass"
"T8",1977,0.152344769995284,0,Inf,"Grass"
"T8",1995,0.322643017006268,0,Inf,"Grass"
"T8",2001,0.370076684486459,0,Inf,"Grass"
"T8",2006,0.0323916800593731,0,Inf,"Grass"
"T8",2011,0.0701459649445115,0,Inf,"Grass"
"T8",2016,0.0265431751006737,0,Inf,"Grass"
"T9",1927,0.244059866679095,0,Inf,"Grass"
"T9",1932,0.320737792023673,0,Inf,"Grass"
"T9",1937,0.29452476695751,0,Inf,"Grass"
"T9",1942,0.201825180004737,0,Inf,"Grass"
"T9",1967,0.0930230749605793,0,Inf,"Grass"
"T9",1972,0.120513069006526,0,Inf,"Grass"
"T9",1977,0.192016914997547,0,Inf,"Grass"
"T9",1995,0.405501510095636,0,Inf,"Grass"
"T9",2001,0.358186445653115,0,Inf,"Grass"
"T9",2006,0.0626435198488827,0,Inf,"Grass"
"T9",2011,0.0790328600148795,0,Inf,"Grass"
"T9",2016,0.00860836002216801,0,Inf,"Bare"
"U1",1927,0.0951538133469622,0,Inf,"Grass"
"U1",1932,0.0767530309786592,0,Inf,"Grass"
"U1",1937,0.0615926680034327,0,Inf,"Grass"
"U1",1942,0.06944101998841,0,Inf,"Grass"
"U1",1947,0.0766758199915144,0,Inf,"Grass"
"U1",1952,0.00838931098950606,0,Inf,"Bare"
"U1",1957,0.0222982999970469,1e-05,2229.82999970469,"Grass"
"U1",1962,0.0252414166575955,0,Inf,"Grass"
"U1",1967,0.0298283749942277,0,Inf,"Grass"
"U1",1972,0.0292235566601316,0,Inf,"Grass"
"U1",1977,0.0162523739992895,0.00020317000035585,79.9939655009287,"Grass"
"U1",1995,0.00807827343536135,0,Inf,"Bare"
"U1",2001,0.00371452079164148,0,Inf,"Bare"
"U1",2006,0.00123317502484545,0.0228060149534407,0.0540723588651073,"Shrub"
"U1",2011,0.00714530995106749,0.0142205150687421,0.502464918923611,"Shrub"
"U1",2016,2.5e-05,0.0349448400189745,0.00071541320510912,"Shrub"
"U2",1927,0.113299764976679,0,Inf,"Grass"
"U2",1932,0.145451736974502,0,Inf,"Grass"
"U2",1937,0.0893724019980316,0,Inf,"Grass"
"U2",1942,0.121841439001994,0,Inf,"Grass"
"U2",1947,0.0853212590102041,0,Inf,"Grass"
"U2",1952,0.032104229998233,0,Inf,"Grass"
"U2",1957,0.00940292199628686,0,Inf,"Bare"
"U2",1962,0.0467510666662462,0,Inf,"Grass"
"U2",1967,0.0322601349981438,5e-06,6452.02699962876,"Grass"
"U2",1972,0.0194785316588337,0,Inf,"Grass"
"U2",1977,0.0155933500012986,0,Inf,"Grass"
"U2",1995,0.00309718915425968,0,Inf,"Bare"
"U2",2001,0,0.0832352634710528,0,"Shrub"
"U2",2006,0.0124051450255472,0.0187776649983498,0.660632992794225,"Mixed"
"U2",2011,0.00855272501691208,0.192133455042334,0.0445145017302042,"Shrub"
"U2",2016,0.000613625001719221,0.26277008521805,0.00233521635923673,"Shrub"
"U3",1927,0.121516898304364,0,Inf,"Grass"
"U3",1932,0.164059856027567,0,Inf,"Grass"
"U3",1937,0.0747476140163887,0,Inf,"Grass"
"U3",1942,0.103070105005396,0,Inf,"Grass"
"U3",1947,0.0926288040059511,0,Inf,"Grass"
"U3",1952,0.0207941600011629,0,Inf,"Grass"
"U3",1957,0.0121949649957341,0,Inf,"Grass"
"U3",1962,0.0739521367145912,0,Inf,"Grass"
"U3",1967,0.0317464887621272,0,Inf,"Grass"
"U3",1972,0.039496674989428,0,Inf,"Grass"
"U3",1977,0.0698695040124774,0,Inf,"Grass"
"U3",1995,0.0143474056374307,0,Inf,"Grass"
"U3",2001,0.00154755343075185,0.0249155204376581,0.0621120250979317,"Shrub"
"U3",2006,0.000195860003914088,0.0487491299112671,0.00401771281396389,"Shrub"
"U3",2011,0,0.0182241949971004,0,"Shrub"
"U3",2016,0,0.0470923499703441,0,"Shrub"
"U4",1927,0.0914019700224127,0,Inf,"Grass"
"U4",1932,0.10994866599553,0,Inf,"Grass"
"U4",1937,0.090043729020263,0,Inf,"Grass"
"U4",1942,0.120448687032783,0,Inf,"Grass"
"U4",1947,0.136290646022831,0,Inf,"Grass"
"U4",1952,0.0140367800027453,0,Inf,"Grass"
"U4",1957,0,0,NA,"Bare"
"U4",1962,0.0245893333379293,0,Inf,"Grass"
"U4",1967,0.0146161333362377,4.16666666666667e-05,350.787200069704,"Grass"
"U4",1972,0.0205988833482526,0,Inf,"Grass"
"U4",1977,0.0096975000020559,0,Inf,"Bare"
"U4",1995,0.0310505315182932,0,Inf,"Grass"
"U4",2001,0.0515943041638483,0,Inf,"Grass"
"U4",2006,0.0281078300413844,0,Inf,"Grass"
"U4",2011,0.00263724501497589,0,Inf,"Bare"
"U4",2016,0.00280138502709918,0,Inf,"Bare"
"U5",1927,0.108756318338794,0,Inf,"Grass"
"U5",1932,0.0954565230183048,0,Inf,"Grass"
"U5",1937,0.0764504549969646,0,Inf,"Grass"
"U5",1942,0.110481617999974,5e-06,22096.3235999948,"Grass"
"U5",1947,0.0620502200196327,0,Inf,"Grass"
"U5",1952,0.0207560000188666,8.33333333333333e-06,2490.72000226399,"Grass"
"U5",1957,0,0,NA,"Bare"
"U5",1962,0.00220966666828344,0,Inf,"Bare"
"U5",1967,0.00394527500498047,3.75e-05,105.207333466146,"Bare"
"U5",1972,0.0327650000017363,0,Inf,"Grass"
"U5",1977,0.022614693000316,0,Inf,"Grass"
"U5",1995,0.0248198651446505,0,Inf,"Grass"
"U5",2001,0.0099639983358035,0,Inf,"Bare"
"U5",2006,0.0421536449786289,0,Inf,"Grass"
"U5",2011,0.0692642951041701,0,Inf,"Grass"
"U5",2016,0.0186007849810814,0,Inf,"Grass"
"V1",1927,0.166051483331805,0,Inf,"Grass"
"V1",1932,0.169643194977187,0,Inf,"Grass"
"V1",1937,0.0486985480097213,0,Inf,"Grass"
"V1",1942,0.0352740699999733,0,Inf,"Grass"
"V1",1947,0.0566921487492614,0,Inf,"Grass"
"V1",1952,0.0308531675069948,0,Inf,"Grass"
"V1",1957,0,0,NA,"Bare"
"V1",1962,0,0,NA,"Bare"
"V1",1967,0,0,NA,"Bare"
"V1",1977,0,0,NA,"Bare"
"V1",1995,0.00304854929381099,0.536469767434365,0.00568261154471108,"Shrub"
"V1",2001,0,0.77102791513503,0,"Shrub"
"V1",2006,0.00157519000047207,0.73614333520374,0.00213978708376964,"Shrub"
"V1",2011,0,0.529346584553671,0,"Shrub"
"V1",2016,0,0.564053839693587,0,"Shrub"
"V2",1927,0.161714458310557,0,Inf,"Grass"
"V2",1932,0.155875884988085,0,Inf,"Grass"
"V2",1937,0.0639258310000813,0,Inf,"Grass"
"V2",1942,0.0803185349618594,0,Inf,"Grass"
"V2",1947,0.100638554997043,0,Inf,"Grass"
"V2",1952,0.0341265999958112,0,Inf,"Grass"
"V2",1957,0.0106192500019712,0,Inf,"Grass"
"V2",1962,0.00731650000876189,0,Inf,"Bare"
"V2",1967,0,0,NA,"Bare"
"V2",1977,0,0,NA,"Bare"
"V2",1995,0.0012194558341756,0.314357185119852,0.00387920458605287,"Shrub"
"V2",2001,0.0339457630268693,0.237259356149195,0.143074496946385,"Shrub"
"V2",2006,0.012630244961179,0.228697229962985,0.0552269258496188,"Shrub"
"V2",2011,0.00641063500410109,0.0167409599628197,0.382931147218474,"Shrub"
"V2",2016,0.000870834993521646,0.0337174798746281,0.0258274045616599,"Shrub"
"V3",1927,0.163772848264127,0,Inf,"Grass"
"V3",1932,0.181115594051221,0,Inf,"Grass"
"V3",1937,0.0244195319883949,0,Inf,"Grass"
"V3",1942,0.0365290340024752,0,Inf,"Grass"
"V3",1947,0.0164316512457722,0,Inf,"Grass"
"V3",1952,0,0,NA,"Bare"
"V3",1957,0,0,NA,"Bare"
"V3",1962,0,0,NA,"Bare"
"V3",1967,0,0,NA,"Bare"
"V3",1972,0,0,NA,"Bare"
"V3",1977,0,0,NA,"Bare"
"V3",1995,0,0,NA,"Bare"
"V3",2001,0,0,NA,"Bare"
"V3",2006,0,0,NA,"Bare"
"V3",2011,0,0,NA,"Bare"
"V3",2016,0,0,NA,"Bare"
"V4",1927,0.160321089942816,0,Inf,"Grass"
"V4",1932,0.111587559011791,0,Inf,"Grass"
"V4",1937,0.0320848879977414,0,Inf,"Grass"
"V4",1942,0.0267148269982973,0,Inf,"Grass"
"V4",1947,0.0204875787583341,0,Inf,"Grass"
"V4",1952,0.00371829999843221,0,Inf,"Bare"
"V4",1957,0.0373688249813516,0,Inf,"Grass"
"V4",1962,0.0462745000070422,2.5e-05,1850.98000028169,"Grass"
"V4",1967,0,0.00405250000638422,0,"Bare"
"V4",1977,0,0.0021618499947112,0,"Bare"
"V4",1995,0,0.168380775188494,0,"Shrub"
"V4",2001,0,0.236428758926641,0,"Shrub"
"V4",2006,2.5e-05,0.209159110164999,0.00011952623043901,"Shrub"
"V4",2011,0,0.0677382750765294,0,"Shrub"
"V4",2016,0,0.185359890131755,0,"Shrub"
"V5",1927,0.141137924953749,0,Inf,"Grass"
"V5",1932,0.154557220000344,0,Inf,"Grass"
"V5",1937,0.0452716219943827,0.000332349998558498,136.216705854489,"Grass"
"V5",1942,0.0815605359745845,0,Inf,"Grass"
"V5",1947,0.0468034300200924,0,Inf,"Grass"
"V5",1952,0.0209850250060892,0.0069685249910132,3.01140126973097,"Grass"
"V5",1957,0,0,NA,"Bare"
"V5",1962,0,0.00849008498906678,0,"Bare"
"V5",1967,0,0.270679449953106,0,"Shrub"
"V5",1972,0,0,NA,"Bare"
"V5",1977,0,0,NA,"Bare"
"V5",1995,0,0.643013556658777,0,"Shrub"
"V5",2001,0,0.629114361794266,0,"Shrub"
"V5",2006,0,0.559236524797071,0,"Shrub"
"V5",2011,0,0.162918684984388,0,"Shrub"
"V5",2016,0,0.221256354853658,0,"Shrub"
"V6",1927,0.139115961681071,0,Inf,"Grass"
"V6",1932,0.116294558021969,0,Inf,"Grass"
"V6",1937,0.0194140660011575,0,Inf,"Grass"
"V6",1942,0.0131476979839768,0,Inf,"Grass"
"V6",1947,0.00124374999942811,0,Inf,"Bare"
"V6",1952,0,0,NA,"Bare"
"V6",1957,0,0,NA,"Bare"
"V6",1962,0,0,NA,"Bare"
"V6",1967,0,0,NA,"Bare"
"V6",1977,0,0,NA,"Bare"
"V6",1995,0,0,NA,"Bare"
"V6",2001,0,0,NA,"Bare"
"V6",2006,0.000615974968775736,0,Inf,"Bare"
"V6",2011,0,0,NA,"Bare"
"V6",2016,0,0,NA,"Bare"
"Y1",1917,0.0887796216741217,0,Inf,"Grass"
"Y1",1922,0.073458305993119,0,Inf,"Grass"
"Y1",1927,0.159126311016469,0,Inf,"Grass"
"Y1",1932,0.253415020957222,0,Inf,"Grass"
"Y1",1937,0.260326511990556,0,Inf,"Grass"
"Y1",1942,0.278678290008128,0,Inf,"Grass"
"Y1",1947,0.279609120023244,0,Inf,"Grass"
"Y1",1952,0.2467610499585,0,Inf,"Grass"
"Y1",1957,0.204214627500441,0,Inf,"Grass"
"Y1",1967,0.0328463249892506,0,Inf,"Grass"
"Y1",1972,0.00504092999495792,0,Inf,"Bare"
"Y1",1977,0.0567182500096051,0,Inf,"Grass"
"Y1",1995,0.0365036890000573,0.0346061676379174,1.05483188378423,"Mixed"
"Y1",2001,0.0149539141752703,0,Inf,"Grass"
"Y1",2006,0.00262408499793984,0.105141244699871,0.0249577128883187,"Shrub"
"Y1",2011,0.00691821500368029,0.00416455500158638,1.66121350325424,"Bare"
"Y1",2016,0.000911544986573904,0.0103826898857704,0.0877946848651607,"Shrub"
"Y2",1917,0.0839637187572222,0,Inf,"Grass"
"Y2",1922,0.120771807532994,0,Inf,"Grass"
"Y2",1927,0.200602798008361,0,Inf,"Grass"
"Y2",1932,0.228706316989501,0,Inf,"Grass"
"Y2",1937,0.293697053979261,0,Inf,"Grass"
"Y2",1942,0.298244518783591,0,Inf,"Grass"
"Y2",1947,0.248424487476596,0,Inf,"Grass"
"Y2",1952,0.359462355047798,0,Inf,"Grass"
"Y2",1957,0.213511730045299,0,Inf,"Grass"
"Y2",1967,0.108311692453873,3.75e-05,2888.31179876994,"Grass"
"Y2",1972,0.0339502179818116,0,Inf,"Grass"
"Y2",1977,0.0505453125194865,0,Inf,"Grass"
"Y2",1995,0.0723773617322072,0,Inf,"Grass"
"Y2",2001,0.102002619621163,0,Inf,"Grass"
"Y2",2006,0.0142723300364056,2.5e-05,570.893201456224,"Grass"
"Y2",2011,0.0136381149936265,0,Inf,"Grass"
"Y2",2016,0,0,NA,"Bare"
"Y3",1917,0.354876949911482,0,Inf,"Grass"
"Y3",1922,0.145901026020568,0,Inf,"Grass"
"Y3",1927,0.249815830965954,0,Inf,"Grass"
"Y3",1932,0.426728426898736,0,Inf,"Grass"
"Y3",1937,0.40119022594554,0,Inf,"Grass"
"Y3",1942,0.273843120009209,0,Inf,"Grass"
"Y3",1995,0.000877171575395799,0.442699647266385,0.0019814146697704,"Shrub"
"Y3",2001,0,0.327047142233257,0,"Shrub"
"Y3",2006,2.5e-05,0.476729640592296,5.24406243524939e-05,"Shrub"
"Y3",2011,0,0.10163679499392,0,"Shrub"
"Y3",2016,0,0.332117340266446,0,"Shrub"
"Y7",1917,0.198986280049716,0,Inf,"Grass"
"Y7",1922,0.276504056655628,0,Inf,"Grass"
"Y7",1927,0.248547232958966,0,Inf,"Grass"
"Y7",1932,0.413265023980365,0,Inf,"Grass"
"Y7",1937,0.407633555966025,0,Inf,"Grass"
"Y7",1942,0.25249423746501,0,Inf,"Grass"
"Y7",1995,0.173496780354583,0.198942797053265,0.872093802461875,"Mixed"
"Y7",2001,0.137078514316438,0.2621640776944,0.522872986726381,"Mixed"
"Y7",2006,0.116658709969337,0.351950925077417,0.331463001393379,"Shrub"
"Y7",2011,0.00831138004618034,0.358632354641784,0.0231752097617686,"Shrub"
"Y7",2016,0.0529651900052963,0.160925834939421,0.329127949065696,"Shrub"
