quadrat,project_year,year,month,day,total_shrub,total_grass,n_forbs,date
A1,1929,1929,9,25,0,0.076544815,13,9/1/1929
A1,1930,1930,8,29,0,0.057919795,25,8/1/1930
A1,1931,1931,9,28,0,0.04372024,40,9/1/1931
A1,1932,1932,9,28,0,0.04377684,33,9/1/1932
A1,1933,1933,10,17,0,0.046373505,9,10/1/1933
A1,1934,1934,10,31,0,0.01096407,9,10/1/1934
A1,1935,1935,10,9,0,0.003912,23,10/1/1935
A1,1936,1936,10,23,0,0.0123623,28,10/1/1936
A1,1937,1937,10,15,0,0.0175999,16,10/1/1937
A1,1938,1938,9,23,0,0.0159685,23,9/1/1938
A1,1939,1940,1,9,0,0.0251431,2,1/1/1940
A1,1940,1941,2,11,0,0.039178,1,2/1/1941
A1,1942,1942,10,9,0,0.0413515,11,10/1/1942
A2,1929,1929,9,25,0.0401829,0.03526843,6,9/1/1929
A2,1930,1930,8,29,0.02577265,0.02974066,6,8/1/1930
A2,1931,1931,9,28,0.03581926,0.02781561,5,9/1/1931
A2,1932,1932,9,28,0.089497595,0.029384375,7,9/1/1932
A2,1933,1933,10,17,0.0716267,0.01428564,2,10/1/1933
A2,1934,1934,10,31,0.05333199,0,3,10/1/1934
A2,1935,1935,10,9,0.0845062,9.52E-05,20,10/1/1935
A2,1936,1936,10,23,0.10437108,8.19E-05,9,10/1/1936
A2,1937,1937,10,15,0.1668566,0.0005303,13,10/1/1937
A2,1938,1938,9,23,0.1128197,0.0021285,30,9/1/1938
A2,1939,1940,1,9,0.0850545,0.0077205,1,1/1/1940
A2,1940,1941,2,11,0.061037905,0.01068371,0,2/1/1941
A2,1942,1942,10,9,0.19135105,0.02573796,5,10/1/1942
A3,1929,1929,9,25,0,0.0158629,16,9/1/1929
A3,1930,1930,8,29,0,0.00755155,9,8/1/1930
A3,1931,1931,9,28,0,0.00824535,20,9/1/1931
A3,1932,1932,9,28,0,0.0154378,13,9/1/1932
A3,1933,1933,10,17,0,0.01227645,11,10/1/1933
A3,1934,1934,10,31,0,0.00395929,7,10/1/1934
A3,1935,1935,10,9,0,0.00068769,20,10/1/1935
A3,1936,1936,10,23,0,0.00140475,11,10/1/1936
A3,1937,1937,10,15,0,0.00344415,3,10/1/1937
A3,1938,1938,9,23,0,0.0134815,13,9/1/1938
A3,1939,1940,1,9,0,0.0112095,0,1/1/1940
A3,1940,1941,2,11,0,0.010896,1,2/1/1941
A3,1942,1942,10,9,0,0.025069,5,10/1/1942
A4,1929,1929,9,25,0,0.0640381,6,9/1/1929
A4,1930,1930,8,29,0,0.052337725,2,8/1/1930
A4,1931,1931,9,28,0,0.066517525,6,9/1/1931
A4,1932,1932,9,28,0,0.07845311,4,9/1/1932
A4,1933,1933,10,17,0,0.08480776,6,10/1/1933
A4,1934,1934,10,31,0,0.0300666,2,10/1/1934
A4,1935,1935,10,9,0,0.01021275,18,10/1/1935
A4,1936,1936,10,23,0,0.0205063,75,10/1/1936
A4,1937,1937,10,15,0,0.0625075,7,10/1/1937
A4,1938,1938,9,23,0,0.05412329,26,9/1/1938
A4,1939,1940,1,9,0,0.07165807,0,1/1/1940
A4,1940,1941,2,11,0,0.10552195,0,2/1/1941
A4,1942,1942,10,9,0,0.11459674,6,10/1/1942
A5,1929,1929,9,25,0,0.10234085,0,9/1/1929
A5,1930,1930,8,29,0,0.08961275,0,8/1/1930
A5,1931,1931,9,28,0,0.08232063,0,9/1/1931
A5,1932,1932,9,28,0,0.1134774,0,9/1/1932
A5,1933,1933,10,17,0,0.12954948,0,10/1/1933
A5,1934,1934,10,31,0,0.06099977,0,10/1/1934
A5,1935,1935,10,9,0,0.019688015,2,10/1/1935
A5,1936,1936,10,23,0,0.03107425,2,10/1/1936
A5,1937,1937,10,15,0,0.08381093,0,10/1/1937
A5,1938,1938,9,23,0,0.11567765,4,9/1/1938
A5,1939,1940,1,9,0,0.11269817,0,1/1/1940
A5,1940,1941,2,11,0,0.153739845,0,2/1/1941
A5,1942,1942,10,9,0,0.15904319,0,10/1/1942
AR1,1929,1929,9,11,0,0.01770922,1,9/1/1929
AR1,1930,1930,8,29,0,0.01754095,2,8/1/1930
AR1,1931,1931,9,28,0,0.01528194,1,9/1/1931
AR1,1932,1932,9,28,0,0.01438818,2,9/1/1932
AR1,1933,1933,10,20,0,0.01171999,2,10/1/1933
AR1,1934,1934,11,1,0,0.005878,14,11/1/1934
AR1,1935,1935,10,9,0,0,6,10/1/1935
AR1,1936,1936,10,23,0,0,41,10/1/1936
AR1,1937,1937,10,15,0,0.00187775,40,10/1/1937
AR1,1938,1938,9,23,0,0.0015405,12,9/1/1938
AR1,1939,1940,1,8,0,0.0018025,8,1/1/1940
AR1,1940,1941,2,13,0,0.0020242,1,2/1/1941
AR1,1942,1942,10,9,0,0.00046,22,10/1/1942
AR2,1929,1929,9,11,0,0.0152565,3,9/1/1929
AR2,1930,1930,8,29,0,0.0188373,4,8/1/1930
AR2,1931,1931,9,28,0,0.025893165,3,9/1/1931
AR2,1932,1932,9,28,0,0.027633505,4,9/1/1932
AR2,1933,1933,10,20,0,0.0360075,1,10/1/1933
AR2,1934,1934,11,1,0,0.04548495,1,11/1/1934
AR2,1935,1935,10,9,0,0.0237925,8,10/1/1935
AR2,1936,1936,10,23,0,0.02135797,14,10/1/1936
AR2,1937,1937,10,15,0,0.052872125,54,10/1/1937
AR2,1938,1938,9,23,0,0.05583775,6,9/1/1938
AR2,1939,1940,1,8,0,0.0453144,3,1/1/1940
AR2,1940,1941,2,13,0,0.03540983,1,2/1/1941
AR2,1942,1942,10,9,0,0.016798,7,10/1/1942
AR3,1929,1929,9,11,0,0,4,9/1/1929
AR3,1930,1930,8,29,0,0,6,8/1/1930
AR3,1931,1931,9,28,0,0,12,9/1/1931
AR3,1932,1932,9,28,0,0,9,9/1/1932
AR3,1933,1933,10,20,0,0,8,10/1/1933
AR3,1934,1934,10,31,0,0,6,10/1/1934
AR3,1935,1935,10,9,0,0,12,10/1/1935
AR3,1936,1936,10,26,0,0,15,10/1/1936
AR3,1937,1937,10,15,0,0,47,10/1/1937
AR3,1938,1938,9,23,0,0,5,9/1/1938
AR3,1939,1940,1,8,0,0,8,1/1/1940
AR3,1940,1941,2,13,0,0,4,2/1/1941
AR3,1942,1942,10,9,0,0,27,10/1/1942
AR4,1929,1929,9,11,0,0.00306812,7,9/1/1929
AR4,1930,1930,9,1,0,0.0034855,8,9/1/1930
AR4,1931,1931,9,28,0,0.00269139,7,9/1/1931
AR4,1932,1932,10,2,0,0.00204997,9,10/1/1932
AR4,1933,1933,10,20,0,0.00356443,7,10/1/1933
AR4,1934,1934,11,1,0,0.00191194,1,11/1/1934
AR4,1935,1935,10,10,0,0.000348,11,10/1/1935
AR4,1936,1936,10,26,0,0.0015795,10,10/1/1936
AR4,1937,1937,10,19,0,0.012853,14,10/1/1937
AR4,1938,1938,9,23,0,0.0129285,8,9/1/1938
AR4,1939,1940,1,8,0,0.0114385,0,1/1/1940
AR4,1940,1941,2,13,0,0.0058875,0,2/1/1941
AR4,1942,1942,10,9,0,0.0158705,11,10/1/1942
AR5,1929,1929,9,11,0,0.00145815,3,9/1/1929
AR5,1930,1930,9,1,0,0.00148959,4,9/1/1930
AR5,1931,1931,9,28,0,0.0030435,4,9/1/1931
AR5,1932,1932,10,2,0,0.00346407,4,10/1/1932
AR5,1933,1933,10,20,0,0.00252802,19,10/1/1933
AR5,1934,1934,11,1,2.50E-05,0.000162,4,11/1/1934
AR5,1935,1935,10,10,2.50E-05,2.50E-05,19,10/1/1935
AR5,1936,1936,10,26,0,0,3,10/1/1936
AR5,1937,1937,10,19,0,0,5,10/1/1937
AR5,1938,1938,9,23,0,0,0,9/1/1938
AR5,1939,1940,1,8,0,0,0,1/1/1940
AR5,1940,1941,2,13,0,0,0,2/1/1941
AR5,1942,1942,10,9,0,0,15,10/1/1942
B1,1929,1929,11,15,0,0.10232841,0,11/1/1929
B1,1930,1930,8,28,0,0.109275675,0,8/1/1930
B1,1931,1931,10,5,0,0.092444275,0,10/1/1931
B1,1932,1932,11,9,0,0.132159295,0,11/1/1932
B1,1933,1933,10,18,0,0.10461471,3,10/1/1933
B1,1934,1934,10,26,0,0.129888075,0,10/1/1934
B1,1935,1935,10,10,0,0.061353415,1,10/1/1935
B1,1936,1936,10,21,0,0.0808489,0,10/1/1936
B1,1937,1937,10,19,0,0.08884115,2,10/1/1937
B1,1938,1938,9,16,0,0.15294613,0,9/1/1938
B1,1939,1940,1,8,0,0.09395345,0,1/1/1940
B1,1940,1941,2,13,0,0.0930741,0,2/1/1941
B1,1942,1942,10,29,0,0.1092282,0,10/1/1942
B2,1929,1929,11,15,0,0.173575865,0,11/1/1929
B2,1930,1930,8,28,0,0.17171384,0,8/1/1930
B2,1931,1931,10,5,0,0.1502972,1,10/1/1931
B2,1932,1932,11,9,0,0.1848354,1,11/1/1932
B2,1933,1933,10,18,0,0.13932949,1,10/1/1933
B2,1934,1934,10,26,0,0.0979369,2,10/1/1934
B2,1935,1935,10,10,0,0.0751323,3,10/1/1935
B2,1936,1936,10,21,0,0.0982657,1,10/1/1936
B2,1937,1937,10,19,0,0.109929,11,10/1/1937
B2,1938,1938,9,16,0,0.1312119,7,9/1/1938
B2,1939,1940,1,8,0,0.0881739,3,1/1/1940
B2,1940,1941,2,13,0,0.0902747,0,2/1/1941
B2,1942,1942,10,29,0,0.126284855,0,10/1/1942
B2A,1929,1929,11,14,0,0.15348925,1,11/1/1929
B2A,1930,1930,8,28,0,0.173719255,1,8/1/1930
B2A,1931,1931,10,5,0,0.16160222,2,10/1/1931
B2A,1932,1932,11,9,0,0.22429825,2,11/1/1932
B2A,1933,1933,10,18,0,0.14493552,4,10/1/1933
B2A,1934,1934,10,26,0,0.18403831,3,10/1/1934
B2A,1935,1935,10,11,0,0.0650252,31,10/1/1935
B2A,1936,1936,10,22,0,0.063923135,14,10/1/1936
B2A,1937,1937,10,19,0,0.1216029,10,10/1/1937
B2A,1938,1938,9,16,0,0.171083315,4,9/1/1938
B2A,1939,1940,1,9,0,0.09586005,3,1/1/1940
B2A,1940,1941,2,13,0,0.12508585,1,2/1/1941
B2A,1942,1942,10,29,0,0.14478128,1,10/1/1942
B3,1929,1929,11,15,0,0.0729627,4,11/1/1929
B3,1930,1930,8,28,0,0.084462035,6,8/1/1930
B3,1931,1931,10,5,0,0.091863425,6,10/1/1931
B3,1932,1932,11,9,0,0.100865195,4,11/1/1932
B3,1933,1933,10,18,0,0.06337095,10,10/1/1933
B3,1934,1934,10,26,0,0.05701599,5,10/1/1934
B3,1935,1935,10,10,0,0.0335751,9,10/1/1935
B3,1936,1936,10,21,0,0.031992,10,10/1/1936
B3,1937,1937,10,19,0,0.04019259,17,10/1/1937
B3,1938,1938,9,17,0,0.03513755,16,9/1/1938
B3,1939,1940,1,9,0,0.0367327,8,1/1/1940
B3,1940,1941,2,13,0,0.04373,2,2/1/1941
B3,1942,1942,10,29,0,0.051241255,2,10/1/1942
B4,1929,1929,11,15,0,0.0680191,7,11/1/1929
B4,1930,1930,8,28,0,0.06579674,13,8/1/1930
B4,1931,1931,10,5,0,0.06058485,12,10/1/1931
B4,1932,1932,11,9,0,0.07276435,7,11/1/1932
B4,1933,1933,10,19,0,0.0525808,7,10/1/1933
B4,1934,1934,10,26,0,0.0410452,6,10/1/1934
B4,1935,1935,10,10,2.50E-05,0.0377315,13,10/1/1935
B4,1936,1936,10,21,0,0.061723895,14,10/1/1936
B4,1937,1937,10,19,0,0.0941127,17,10/1/1937
B4,1938,1938,9,17,0,0.08352405,50,9/1/1938
B4,1939,1940,1,9,0,0.0698773,4,1/1/1940
B4,1940,1941,2,13,0,0.061299,3,2/1/1941
B4,1942,1942,10,29,0,0.055591465,3,10/1/1942
B5,1929,1929,11,15,0,0.10486805,0,11/1/1929
B5,1930,1930,8,28,0,0.11584635,2,8/1/1930
B5,1931,1931,10,5,0,0.124602855,4,10/1/1931
B5,1932,1932,11,9,0,0.156651105,1,11/1/1932
B5,1933,1933,10,19,0,0.09256143,4,10/1/1933
B5,1934,1934,10,26,0,0.06757145,1,10/1/1934
B5,1935,1935,10,10,0,0.0314595,21,10/1/1935
B5,1936,1936,10,21,0,0.044677,4,10/1/1936
B5,1937,1937,10,19,0,0.05378609,1,10/1/1937
B5,1938,1938,9,17,0,0.0371925,4,9/1/1938
B5,1939,1940,1,9,2.50E-05,0.022341,0,1/1/1940
B5,1940,1941,2,13,0,0.02540435,0,2/1/1941
B5,1942,1942,10,29,2.50E-05,0.0059445,1,10/1/1942
G1,1929,1929,8,28,0,0.1183242,8,8/1/1929
G1,1930,1930,9,9,0,0.077261295,4,9/1/1930
G1,1931,1931,9,23,0,0.05604234,1,9/1/1931
G1,1932,1932,10,12,0,0.01692148,2,10/1/1932
G1,1933,1933,10,20,0,0.0361365,2,10/1/1933
G1,1934,1934,10,25,0,0.0232074,2,10/1/1934
G1,1935,1935,10,8,0,0.05283108,5,10/1/1935
G1,1936,1936,10,27,0,0.0441827,4,10/1/1936
G1,1937,1937,10,14,0,0.0331737,12,10/1/1937
G1,1938,1938,9,8,0,0.048032,13,9/1/1938
G1,1939,1939,12,5,0,0.0404099,6,12/1/1939
G1,1940,1940,12,14,0,0.049882435,7,12/1/1940
G1,1942,1942,10,7,0,0.005262,3,10/1/1942
G2,1929,1929,8,28,0,0.08643885,1,8/1/1929
G2,1930,1930,9,9,0,0.082781145,0,9/1/1930
G2,1931,1931,9,23,0,0.04785301,1,9/1/1931
G2,1932,1932,10,12,0,0.01988,3,10/1/1932
G2,1933,1933,10,20,0,0.0215615,1,10/1/1933
G2,1934,1934,10,25,0,0.0133512,1,10/1/1934
G2,1935,1935,10,8,0,0.02001609,11,10/1/1935
G2,1936,1936,10,27,0,0.02098293,13,10/1/1936
G2,1937,1937,10,14,0,0.02232109,12,10/1/1937
G2,1938,1938,9,8,0,0.0225183,9,9/1/1938
G2,1939,1939,12,7,0,0.0167035,2,12/1/1939
G2,1940,1940,12,14,0,0.0248944,47,12/1/1940
G2,1942,1942,10,7,0,0.013451655,2,10/1/1942
G3,1929,1929,8,28,2.50E-05,0.093271,8,8/1/1929
G3,1930,1930,9,9,2.50E-05,0.05850885,1,9/1/1930
G3,1931,1931,9,23,0.0013031,0.06439997,1,9/1/1931
G3,1932,1932,10,12,0.0037805,0.051511815,1,10/1/1932
G3,1933,1933,10,20,2.50E-05,0.05254229,3,10/1/1933
G3,1934,1934,10,25,2.50E-05,0.0460745,1,10/1/1934
G3,1935,1935,10,8,2.50E-05,0.01831965,6,10/1/1935
G3,1936,1936,10,27,0.007916,0.0239165,15,10/1/1936
G3,1937,1937,10,14,0.0048245,0.021491,42,10/1/1937
G3,1938,1938,9,8,2.50E-05,0.037624,3,9/1/1938
G3,1939,1939,12,7,0.001521,0.021763,3,12/1/1939
G3,1940,1940,12,14,0.001028,0.0286105,10,12/1/1940
G3,1942,1942,10,8,0,0.012378,6,10/1/1942
G4,1929,1929,8,28,0,0.201889865,5,8/1/1929
G4,1930,1930,9,9,0,0.115164675,4,9/1/1930
G4,1931,1931,9,23,0,0.080474995,2,9/1/1931
G4,1932,1932,10,12,0,0.11942057,3,10/1/1932
G4,1933,1933,10,20,0,0.09356315,3,10/1/1933
G4,1934,1934,10,25,0,0.04610501,1,10/1/1934
G4,1935,1935,10,8,2.50E-05,0.025152,6,10/1/1935
G4,1936,1936,10,27,0,0.05613805,6,10/1/1936
G4,1937,1937,10,15,0,0.052031095,9,10/1/1937
G4,1938,1938,9,8,0,0.08476252,4,9/1/1938
G4,1939,1939,12,7,0,0.0463134,3,12/1/1939
G4,1940,1940,12,17,0,0.067550875,2,12/1/1940
G4,1942,1942,10,8,0,0.04031174,3,10/1/1942
G5,1929,1929,8,28,0,0.0941534,2,8/1/1929
G5,1930,1930,9,9,0,0.06806335,1,9/1/1930
G5,1931,1931,9,23,0,0.082203885,2,9/1/1931
G5,1932,1932,10,12,0,0.09661432,2,10/1/1932
G5,1933,1933,10,20,0,0.05867615,6,10/1/1933
G5,1934,1934,10,25,0,0.04200656,2,10/1/1934
G5,1935,1935,10,8,0,0.010254,31,10/1/1935
G5,1936,1936,10,27,0,0.04308985,2,10/1/1936
G5,1937,1937,10,15,0,0.05037437,7,10/1/1937
G5,1938,1938,9,8,0,0.0839565,66,9/1/1938
G5,1939,1939,12,7,0,0.04723952,1,12/1/1939
G5,1940,1940,12,17,0,0.012649205,1,12/1/1940
G5,1942,1942,10,8,0,0.001052,4,10/1/1942
G6,1929,1929,8,28,0,0.134511035,1,8/1/1929
G6,1930,1930,9,9,0,0.1306831,1,9/1/1930
G6,1931,1931,9,23,0,0.0974646,2,9/1/1931
G6,1932,1932,10,12,0,0.18516947,1,10/1/1932
G6,1933,1933,10,20,0,0.10374239,1,10/1/1933
G6,1934,1934,10,25,0,0.095027735,1,10/1/1934
G6,1935,1935,10,8,0,0.0328165,0,10/1/1935
G6,1936,1936,10,27,0,0.08373125,12,10/1/1936
G6,1937,1937,10,14,0,0.105034715,12,10/1/1937
G6,1938,1938,9,8,0,0.1288579,1,9/1/1938
G6,1939,1939,12,7,0,0.049956265,0,12/1/1939
G6,1940,1940,12,14,0,0.0898495,11,12/1/1940
G6,1942,1942,10,8,0,0.0395105,4,10/1/1942
H1,1929,1929,10,5,0,0.03686075,10,10/1/1929
H1,1930,1930,9,10,0,0.04986995,10,9/1/1930
H1,1931,1931,9,18,0,0.039364,11,9/1/1931
H1,1932,1932,10,16,0,0.0358822,3,10/1/1932
H1,1933,1933,10,19,0,0.03393511,21,10/1/1933
H1,1934,1934,10,4,0,0.0271225,4,10/1/1934
H1,1935,1935,10,15,0,0.0277475,10,10/1/1935
H1,1936,1936,10,15,0,0.02201525,25,10/1/1936
H1,1937,1937,10,19,0,0.01939787,8,10/1/1937
H1,1938,1938,9,19,0,0.033536,44,9/1/1938
H1,1939,1940,1,8,0,0.03164175,11,1/1/1940
H1,1940,1941,2,11,0,0.0324537,15,2/1/1941
H1,1942,1943,4,9,0,0.0317775,9,4/1/1943
H2,1929,1929,10,5,0,0.11522585,2,10/1/1929
H2,1930,1930,9,10,0,0.10673327,0,9/1/1930
H2,1931,1931,9,18,0,0.11978605,1,9/1/1931
H2,1932,1932,10,16,0,0.18664307,2,10/1/1932
H2,1933,1933,10,19,0,0.16908432,5,10/1/1933
H2,1934,1934,10,4,0,0.13522809,4,10/1/1934
H2,1935,1935,10,15,0,0.03584325,13,10/1/1935
H2,1936,1936,10,15,0,0.04779651,11,10/1/1936
H2,1937,1937,10,19,0,0.05683745,22,10/1/1937
H2,1938,1938,9,19,0,0.0845597,27,9/1/1938
H2,1939,1940,1,8,0,0.09995007,0,1/1/1940
H2,1940,1941,2,11,0,0.099266665,2,2/1/1941
H2,1942,1943,4,9,0,0.07314246,4,4/1/1943
H3,1929,1929,10,5,0,0.07022405,25,10/1/1929
H3,1930,1930,9,10,0,0.071706425,11,9/1/1930
H3,1931,1931,8,18,0,0.053591655,27,8/1/1931
H3,1932,1932,10,16,0,0.058230295,25,10/1/1932
H3,1933,1933,10,19,0,0.054395185,44,10/1/1933
H3,1934,1934,10,4,0,0.04424058,8,10/1/1934
H3,1935,1935,10,15,0,0.012875,34,10/1/1935
H3,1936,1936,10,15,0,0.03375613,71,10/1/1936
H3,1937,1937,10,19,0,0.057613375,32,10/1/1937
H3,1938,1938,9,19,0,0.052726,25,9/1/1938
H3,1939,1940,1,8,0,0.07134712,1,1/1/1940
H3,1940,1941,2,11,0,0.071986035,2,2/1/1941
H3,1942,1943,4,9,0,0.07462212,7,4/1/1943
I1,1929,1929,9,28,0,0.162842775,7,9/1/1929
I1,1930,1930,9,12,0,0.10064597,4,9/1/1930
I1,1931,1931,9,21,0,0.130727315,3,9/1/1931
I1,1932,1932,11,11,0,0.12605717,3,11/1/1932
I1,1933,1933,10,24,0,0.167885405,2,10/1/1933
I1,1934,1934,9,28,0,0.0544048,0,9/1/1934
I1,1935,1935,10,15,0,0.0692171,6,10/1/1935
I1,1936,1936,10,13,0,0.118505605,6,10/1/1936
I1,1937,1937,10,20,0,0.12465884,33,10/1/1937
I1,1938,1938,9,9,0,0.18705785,4,9/1/1938
I1,1939,1939,12,12,0,0.08999607,1,12/1/1939
I1,1940,1941,2,10,0,0.11620123,8,2/1/1941
I1,1942,1942,10,7,0,0.067286255,8,10/1/1942
I2,1929,1929,9,28,0,0.08237498,5,9/1/1929
I2,1930,1930,9,12,0,0.05159095,8,9/1/1930
I2,1931,1931,9,21,0,0.03954211,5,9/1/1931
I2,1932,1932,11,12,0,0.072988005,2,11/1/1932
I2,1933,1933,10,24,0,0.07496875,9,10/1/1933
I2,1934,1934,9,28,0,0.0249865,1,9/1/1934
I2,1935,1935,10,15,0,0.016238,11,10/1/1935
I2,1936,1936,10,13,0,0.02460975,16,10/1/1936
I2,1937,1937,10,20,0,0.0259666,23,10/1/1937
I2,1938,1938,9,9,0,0.038257,20,9/1/1938
I2,1939,1939,12,13,0,0.02790775,7,12/1/1939
I2,1940,1941,2,10,0,0.0296265,2,2/1/1941
I2,1942,1942,10,7,0,0.01776145,7,10/1/1942
I3,1929,1929,9,28,0,0.270762,0,9/1/1929
I3,1930,1930,9,12,0,0.24134579,0,9/1/1930
I3,1931,1931,9,21,0,0.256022725,0,9/1/1931
I3,1932,1932,11,11,0,0.27962644,0,11/1/1932
I3,1933,1933,10,24,0,0.29933278,0,10/1/1933
I3,1934,1934,9,28,0,0.1500903,0,9/1/1934
I3,1935,1935,10,15,0,0.061634275,1,10/1/1935
I3,1936,1936,10,13,0,0.107223495,4,10/1/1936
I3,1937,1937,10,20,0,0.11125584,2,10/1/1937
I3,1938,1938,9,9,0,0.262060995,2,9/1/1938
I3,1939,1939,12,13,0,0.159422565,1,12/1/1939
I3,1940,1941,2,10,0,0.165047425,0,2/1/1941
I3,1942,1942,10,7,0,0.15115731,1,10/1/1942
I4,1929,1929,9,28,0,0.09377052,27,9/1/1929
I4,1930,1930,9,12,0,0.13715703,23,9/1/1930
I4,1931,1931,9,21,0,0.113774585,28,9/1/1931
I4,1932,1932,11,11,0,0.19554226,8,11/1/1932
I4,1933,1933,10,24,0,0.172033405,15,10/1/1933
I4,1934,1934,9,28,0,0.099356695,6,9/1/1934
I4,1935,1935,10,15,0,0.0886655,10,10/1/1935
I4,1936,1936,10,13,0,0.13049464,11,10/1/1936
I4,1937,1937,10,20,0,0.092740535,7,10/1/1937
I4,1938,1938,9,9,0,0.1377048,3,9/1/1938
I4,1939,1939,12,13,0,0.11918704,1,12/1/1939
I4,1940,1941,2,10,0,0.15195222,31,2/1/1941
I4,1942,1942,10,7,0,0.11817746,7,10/1/1942
I5,1929,1929,9,28,0,0.07741794,7,9/1/1929
I5,1930,1930,9,12,0,0.07621495,2,9/1/1930
I5,1931,1931,9,21,0,0.084667975,1,9/1/1931
I5,1932,1933,5,10,0,0.07841631,1,5/1/1933
I5,1933,1933,10,24,0,0.095342,0,10/1/1933
I5,1934,1934,9,28,0,0.044957025,0,9/1/1934
I5,1935,1935,10,15,0,0.0275055,6,10/1/1935
I5,1936,1936,10,14,0,0.0469325,5,10/1/1936
I5,1937,1937,10,20,0,0.026839,3,10/1/1937
I5,1938,1938,9,9,0,0.04133585,1,9/1/1938
I5,1939,1939,12,13,0,0.038637145,10,12/1/1939
I5,1940,1941,2,11,0,0.0438002,5,2/1/1941
I5,1942,1942,10,7,0,0.035828355,3,10/1/1942
I6,1929,1929,9,28,0,0.13676423,5,9/1/1929
I6,1930,1930,9,10,0,0.09995958,4,9/1/1930
I6,1931,1931,9,18,0,0.10514428,5,9/1/1931
I6,1932,1932,10,16,0,0.11657025,4,10/1/1932
I6,1933,1933,10,19,0,0.084314195,4,10/1/1933
I6,1934,1934,9,28,0,0.08767057,0,9/1/1934
I6,1935,1935,10,15,0,0.0371715,9,10/1/1935
I6,1936,1936,10,14,0,0.05582166,10,10/1/1936
I6,1937,1937,10,20,0,0.044829215,7,10/1/1937
I6,1938,1938,9,9,0,0.05264955,7,9/1/1938
I6,1939,1939,12,13,0,0.045394465,5,12/1/1939
I6,1940,1941,2,11,0,0.06059063,9,2/1/1941
I6,1942,1942,10,7,0,0.05888695,5,10/1/1942
I7,1929,1929,9,28,0,0.17689923,12,9/1/1929
I7,1930,1930,9,10,0,0.18495432,7,9/1/1930
I7,1931,1931,9,18,0,0.18824191,13,9/1/1931
I7,1932,1932,10,16,0,0.205288625,18,10/1/1932
I7,1933,1933,10,19,0,0.183845985,8,10/1/1933
I7,1934,1934,9,28,0,0.14042836,1,9/1/1934
I7,1935,1935,10,15,0,0.0693368,15,10/1/1935
I7,1936,1936,10,14,0,0.106823605,11,10/1/1936
I7,1937,1937,10,20,0,0.0855735,20,10/1/1937
I7,1938,1938,9,9,0,0.097925,16,9/1/1938
I7,1939,1939,12,13,0,0.07405575,0,12/1/1939
I7,1940,1941,2,11,0,0.09292777,4,2/1/1941
I7,1942,1942,10,7,0,0.0369188,18,10/1/1942
J1,1929,1929,10,9,0,0.053737475,1,10/1/1929
J1,1930,1930,9,12,0,0.02620734,0,9/1/1930
J1,1931,1931,9,21,0,0.03303442,1,9/1/1931
J1,1932,1932,11,5,0,0.07413415,0,11/1/1932
J1,1933,1933,10,28,0,0.08511085,5,10/1/1933
J1,1934,1934,10,9,0,0.06342555,0,10/1/1934
J1,1935,1935,10,17,0,0.0262815,3,10/1/1935
J1,1936,1936,10,15,0,0.03747575,6,10/1/1936
J1,1937,1937,10,20,0,0.0520743,0,10/1/1937
J1,1938,1938,9,10,0,0.09045315,0,9/1/1938
J1,1939,1939,10,5,0,0.040057375,2,10/1/1939
J1,1940,1941,2,14,0,0.059885205,1,2/1/1941
J1,1942,1942,10,29,0,0.04317265,1,10/1/1942
J22,1929,1929,10,10,0,0.149810325,16,10/1/1929
J22,1930,1930,9,12,0,0.11255685,5,9/1/1930
J22,1931,1931,10,6,0,0.11944841,3,10/1/1931
J22,1932,1932,11,5,0,0.07927463,6,11/1/1932
J22,1933,1933,10,26,0,0.112703115,11,10/1/1933
J22,1934,1934,9,27,0,0.04999971,2,9/1/1934
J22,1935,1935,10,17,0,0.03389145,28,10/1/1935
J22,1936,1936,10,13,0,0.05836571,38,10/1/1936
J22,1937,1937,10,27,0,0.059558125,36,10/1/1937
J22,1938,1938,9,12,0,0.08512465,30,9/1/1938
J22,1939,1939,10,5,0,0.0501619,25,10/1/1939
J22,1940,1941,3,26,0,0.02852,17,3/1/1941
J8,1929,1929,10,10,0,0.044616225,1,10/1/1929
J8,1930,1930,9,11,0,0.04782443,1,9/1/1930
J8,1931,1931,10,1,0,0.0579136,9,10/1/1931
J8,1932,1932,11,5,0,0.07283191,3,11/1/1932
J8,1933,1933,10,26,0,0.0533057,7,10/1/1933
J8,1934,1934,10,9,0,0.06058245,3,10/1/1934
J8,1935,1935,10,17,0,0.02797725,10,10/1/1935
J8,1936,1936,10,15,0,0.0325165,5,10/1/1936
J8,1937,1937,10,20,0,0.0348529,8,10/1/1937
J8,1938,1938,9,10,0,0.0620256,4,9/1/1938
J8,1939,1939,10,5,0,0.03155787,14,10/1/1939
J8,1940,1941,2,14,0,0.0350034,4,2/1/1941
J8,1942,1942,10,29,0,0.04656225,4,10/1/1942
J9,1929,1929,10,10,0,0.08302547,33,10/1/1929
J9,1930,1930,9,12,0,0.0401115,3,9/1/1930
J9,1931,1931,10,6,0,0.05613384,4,10/1/1931
J9,1932,1932,11,5,0,0.0494503,1,11/1/1932
J9,1933,1933,10,28,0,0.041756,19,10/1/1933
J9,1934,1934,9,27,0,0.03357546,0,9/1/1934
J9,1935,1935,10,17,0,0.01597695,6,10/1/1935
J9,1936,1936,10,13,0,0.04575398,27,10/1/1936
J9,1937,1937,10,27,0,0.057473945,36,10/1/1937
J9,1938,1938,9,10,0,0.081337195,7,9/1/1938
J9,1939,1939,10,5,0,0.047109195,13,10/1/1939
J9,1940,1941,3,3,0,0.0647579,9,3/1/1941
J9,1942,1942,10,29,0,0.06936,9,10/1/1942
K1,1929,1929,9,7,0,0.092107775,7,9/1/1929
K1,1930,1930,9,9,0,0.06208961,0,9/1/1930
K1,1931,1931,9,22,0,0.068243595,14,9/1/1931
K1,1932,1932,10,18,0,0.072982175,2,10/1/1932
K1,1933,1933,10,21,0,0.096081145,22,10/1/1933
K1,1935,1935,11,1,0,0.061018345,23,11/1/1935
K1,1936,1936,10,8,0,0.06835368,9,10/1/1936
K1,1937,1937,11,29,0,0.0842649,3,11/1/1937
K1,1938,1938,9,12,0,0.131578555,5,9/1/1938
K1,1939,1940,1,4,0,0.09679052,5,1/1/1940
K1,1940,1941,3,3,0,0.061727675,8,3/1/1941
K1,1942,1942,10,8,0,0.05171554,7,10/1/1942
K3,1929,1929,9,7,0,0.12026707,2,9/1/1929
K3,1930,1930,9,9,0,0.09652783,3,9/1/1930
K3,1931,1931,9,22,0,0.08046732,2,9/1/1931
K3,1932,1932,10,18,0,0.088960605,4,10/1/1932
K3,1933,1933,10,21,0,0.097343635,4,10/1/1933
K3,1934,1934,10,24,0,0.077119785,0,10/1/1934
K3,1935,1935,11,1,0,0.020830475,7,11/1/1935
K3,1936,1936,10,8,0,0.04033738,23,10/1/1936
K3,1937,1937,11,29,0,0.04774654,8,11/1/1937
K3,1938,1938,9,12,0,0.1348435,21,9/1/1938
K3,1939,1940,1,4,0,0.0577592,0,1/1/1940
K3,1940,1941,3,3,0,0.04206741,17,3/1/1941
K3,1942,1942,10,8,0,0.0339573,6,10/1/1942
L1,1929,1929,9,6,0,0.14233965,3,9/1/1929
L1,1930,1930,9,3,0,0.07504675,4,9/1/1930
L1,1931,1931,9,19,0,0.06002835,1,9/1/1931
L1,1932,1932,11,4,0,0.0656885,1,11/1/1932
L1,1933,1933,10,30,0,0.0699115,14,10/1/1933
L1,1934,1934,10,2,0,0.0195185,0,10/1/1934
L1,1935,1935,10,30,0,0.02918121,7,10/1/1935
L1,1936,1936,10,9,0,0.027775,7,10/1/1936
L1,1937,1937,10,29,0,0.031632,10,10/1/1937
L1,1938,1938,9,12,0,0.07055065,14,9/1/1938
L1,1939,1940,1,4,0,0.0412076,5,1/1/1940
L1,1940,1941,4,16,0,0.04130225,43,4/1/1941
L1,1942,1943,1,29,0,0.0263665,14,1/1/1943
L2,1929,1929,9,6,0,0.1461584,3,9/1/1929
L2,1930,1930,9,3,0,0.106774935,0,9/1/1930
L2,1931,1931,9,19,0,0.112409455,2,9/1/1931
L2,1932,1932,11,4,0,0.12328136,0,11/1/1932
L2,1933,1933,10,30,0,0.120576465,1,10/1/1933
L2,1934,1934,10,2,0,0.09816325,0,10/1/1934
L2,1935,1935,10,30,0,0.068366845,3,10/1/1935
L2,1936,1936,10,9,0,0.09567618,2,10/1/1936
L2,1937,1937,10,29,0,0.07586273,8,10/1/1937
L2,1938,1938,9,12,0,0.100734095,6,9/1/1938
L2,1939,1940,1,4,0,0.05802975,6,1/1/1940
L2,1940,1941,4,16,0,0.0520455,5,4/1/1941
L2,1942,1943,1,29,0,0.06537975,4,1/1/1943
L3,1929,1929,9,6,0,0.25364227,0,9/1/1929
L3,1930,1930,9,3,0,0.201294345,0,9/1/1930
L3,1931,1931,9,19,0,0.30023949,2,9/1/1931
L3,1932,1932,11,4,0,0.274378585,0,11/1/1932
L3,1933,1933,10,30,0,0.292107325,0,10/1/1933
L3,1934,1934,10,2,0,0.15631261,0,10/1/1934
L3,1935,1935,10,30,0,0.113041375,0,10/1/1935
L3,1936,1936,10,9,0,0.20030233,0,10/1/1936
L3,1937,1937,10,29,0,0.20842398,0,10/1/1937
L3,1938,1938,9,15,0,0.175020605,0,9/1/1938
L3,1939,1940,1,4,0,0.17735809,0,1/1/1940
L3,1940,1941,4,16,0,0.21069418,0,4/1/1941
L3,1942,1943,1,29,0,0.380290755,1,1/1/1943
L4,1929,1929,9,6,0,0.14562889,2,9/1/1929
L4,1930,1930,9,3,0,0.11850695,2,9/1/1930
L4,1931,1931,9,19,0,0.120151155,0,9/1/1931
L4,1932,1932,11,4,0,0.113115195,3,11/1/1932
L4,1933,1933,10,30,0,0.14647805,0,10/1/1933
L4,1934,1934,10,2,0,0.08615231,0,10/1/1934
L4,1935,1935,10,30,0,0.02223328,1,10/1/1935
L4,1936,1936,10,9,0,0.0635358,4,10/1/1936
L4,1937,1937,11,19,0,0.071523515,1,11/1/1937
L4,1938,1938,9,15,0,0.120970775,2,9/1/1938
L4,1939,1940,1,4,0,0.083904985,2,1/1/1940
L4,1940,1941,4,16,0,0.116892385,2,4/1/1941
L4,1942,1943,1,29,0,0.198178315,0,1/1/1943
L5,1929,1929,9,6,0,0,0,9/1/1929
L5,1930,1930,9,3,0,0,0,9/1/1930
L5,1931,1931,9,19,0,0,1,9/1/1931
L5,1932,1932,11,4,0,0,1,11/1/1932
L5,1933,1933,10,30,0,0,1,10/1/1933
L5,1934,1934,10,2,0,0,0,10/1/1934
L5,1935,1935,10,30,0,0,0,10/1/1935
L5,1936,1936,10,9,0,0,0,10/1/1936
L5,1937,1937,11,19,0,0,0,11/1/1937
L5,1938,1938,9,15,0,0,0,9/1/1938
L5,1939,1940,1,4,0,0,0,1/1/1940
L5,1940,1941,4,16,0,0,0,4/1/1941
L5,1942,1943,1,29,0,0,0,1/1/1943
M6,1929,1929,11,13,0,0.06636209,0,11/1/1929
M6,1930,1930,12,6,0,0.0518245,0,12/1/1930
M6,1931,1931,11,19,0,0.07594131,7,11/1/1931
M6,1932,1932,11,2,0,0.04884841,5,11/1/1932
M6,1933,1933,11,22,0,0.05035445,6,11/1/1933
M6,1934,1934,11,19,0,0.01695236,11,11/1/1934
M6,1935,1935,10,22,0,0.005228005,7,10/1/1935
M6,1937,1938,1,17,0,0.000557,27,1/1/1938
M6,1938,1938,9,15,0,0.0030155,8,9/1/1938
M6,1939,1940,1,11,0,0,11,1/1/1940
M6,1940,1941,2,4,0,0,106,2/1/1941
M6,1942,1943,4,9,0,0,0,4/1/1943
N1,1929,1929,10,11,0,0.09528356,17,10/1/1929
N1,1930,1930,9,11,0,0.077820505,10,9/1/1930
N1,1931,1931,10,2,0,0.07414918,1,10/1/1931
N1,1932,1932,10,15,0,0.095016575,7,10/1/1932
N1,1933,1933,10,25,0,0.11870489,5,10/1/1933
N1,1934,1934,9,25,0,0.084704375,10,9/1/1934
N1,1935,1935,10,16,0,0.064752705,23,10/1/1935
N1,1936,1936,10,14,0,0.09316342,23,10/1/1936
N1,1937,1937,10,21,0,0.07972639,23,10/1/1937
N1,1938,1938,10,5,0,0.101386295,4,10/1/1938
N1,1939,1939,12,8,0,0.082967245,8,12/1/1939
N1,1940,1941,2,3,0,0.11813431,0,2/1/1941
N1,1942,1942,10,28,0,0.106787825,8,10/1/1942
N3,1931,1931,10,2,0,0.13358793,3,10/1/1931
N3,1932,1932,10,15,0,0.191953815,3,10/1/1932
N3,1933,1933,10,25,0,0.186541715,2,10/1/1933
N3,1934,1934,9,26,0,0.111343625,2,9/1/1934
N3,1935,1935,10,16,0,0.06377093,2,10/1/1935
N3,1936,1936,10,14,0,0.119102855,2,10/1/1936
N3,1937,1937,10,21,0,0.111951925,18,10/1/1937
N3,1938,1938,10,5,0,0.102064895,9,10/1/1938
N3,1939,1939,12,12,0,0.0901981,0,12/1/1939
N3,1940,1941,2,4,0,0.097675075,0,2/1/1941
N3,1942,1942,10,28,0,0.126518645,3,10/1/1942
N3A,1929,1929,10,11,0,0.096188975,10,10/1/1929
N3A,1930,1930,9,11,0,0.11839112,12,9/1/1930
N3A,1931,1931,10,2,0,0.113718545,12,10/1/1931
N3A,1932,1932,10,15,0,0.116106915,11,10/1/1932
N3A,1933,1933,10,25,0,0.12885906,13,10/1/1933
N3A,1934,1934,9,25,0,0.10029172,8,9/1/1934
N3A,1935,1935,10,16,0,0.0732276,11,10/1/1935
N3A,1936,1936,10,14,0,0.11463869,11,10/1/1936
N3A,1937,1937,10,21,0,0.12621663,11,10/1/1937
N3A,1938,1938,10,5,0,0.106132465,13,10/1/1938
N3A,1939,1939,12,12,0,0.07886294,1,12/1/1939
N3A,1940,1941,2,4,0,0.125522335,0,2/1/1941
N3A,1942,1942,10,28,0,0.129171815,14,10/1/1942
N4,1929,1929,10,11,0,0.094655845,3,10/1/1929
N4,1930,1930,9,11,0,0.08584015,2,9/1/1930
N4,1931,1931,10,2,0,0.0746369,1,10/1/1931
N4,1932,1932,10,15,0,0.10341264,1,10/1/1932
N4,1933,1933,10,25,0,0.15859185,1,10/1/1933
N4,1934,1934,9,25,0,0.093056255,13,9/1/1934
N4,1937,1937,10,21,0,0.032422465,17,10/1/1937
N4,1938,1938,10,5,0,0.02938548,4,10/1/1938
N4,1939,1939,12,12,0,0.039186085,2,12/1/1939
N4,1940,1941,2,3,0,0.07046633,3,2/1/1941
N4,1942,1942,10,28,0,0.035720965,6,10/1/1942
N5,1929,1929,10,11,0,0.075118505,11,10/1/1929
N5,1930,1930,9,11,0,0.059327435,11,9/1/1930
N5,1931,1931,10,2,0,0.03157994,7,10/1/1931
N5,1932,1932,10,15,0,0.05244419,6,10/1/1932
N5,1933,1933,10,25,0,0.096602415,14,10/1/1933
N5,1934,1934,9,25,0,0.043792195,5,9/1/1934
N5,1935,1935,10,16,0,0.034173585,16,10/1/1935
N5,1936,1936,10,14,0,0.043042795,16,10/1/1936
N5,1937,1937,10,21,0,0.075032165,13,10/1/1937
N5,1938,1938,10,5,0,0.055314755,12,10/1/1938
N5,1939,1939,12,12,0,0.051987935,0,12/1/1939
N5,1940,1941,2,3,0,0.10168912,0,2/1/1941
N5,1942,1942,10,28,0,0.05491647,9,10/1/1942
N6,1929,1929,10,11,0,0.196859005,0,10/1/1929
N6,1930,1930,9,11,0,0.19017238,0,9/1/1930
N6,1931,1931,10,2,0,0.162287165,0,10/1/1931
N6,1932,1932,10,15,0,0.19203616,0,10/1/1932
N6,1933,1933,10,25,0,0.2112025,0,10/1/1933
N6,1934,1934,9,25,0,0.12185333,0,9/1/1934
N6,1935,1935,10,16,0,0.08465307,0,10/1/1935
N6,1936,1936,10,14,0,0.150432015,0,10/1/1936
N6,1937,1937,10,21,0,0.19015892,0,10/1/1937
N6,1938,1938,10,5,0,0.14474094,0,10/1/1938
N6,1939,1939,12,12,0,0.11339388,0,12/1/1939
N6,1940,1941,2,3,0,0.14338663,1,2/1/1941
N6,1942,1942,10,28,0,0.15024216,2,10/1/1942
P1,1929,1929,10,4,0,0.451207375,1,10/1/1929
P1,1930,1930,9,11,0,0.34154651,1,9/1/1930
P1,1931,1931,9,24,0,0.253658495,0,9/1/1931
P1,1932,1932,11,11,0,0.216960225,3,11/1/1932
P1,1933,1933,10,31,0,0.27382575,4,10/1/1933
P1,1934,1934,10,8,0,0.1844637,0,10/1/1934
P1,1935,1935,10,18,0,0.10287208,3,10/1/1935
P1,1936,1936,10,7,0,0.189000865,4,10/1/1936
P1,1937,1937,10,27,2.50E-05,0.19822677,5,10/1/1937
P1,1939,1940,1,10,0,0.214623045,1,1/1/1940
P1,1940,1941,4,14,0,0.199671515,8,4/1/1941
P1,1942,1942,10,28,0,0.201409915,0,10/1/1942
P2,1929,1929,10,4,0,0.424118665,0,10/1/1929
P2,1930,1930,9,11,0,0.422526365,4,9/1/1930
P2,1931,1931,9,24,0,0.314950095,5,9/1/1931
P2,1932,1932,11,11,0,0.342756125,0,11/1/1932
P2,1933,1933,11,3,0,0.36316619,3,11/1/1933
P2,1934,1934,10,8,0,0.347495315,0,10/1/1934
P2,1936,1936,10,7,0,0.3150479,8,10/1/1936
P2,1937,1937,10,28,0,0.28435571,5,10/1/1937
P2,1938,1938,10,4,0,0.249452805,1,10/1/1938
P2,1939,1940,1,10,0,0.264635815,0,1/1/1940
P2,1940,1941,4,14,0,0.2588271,0,4/1/1941
P2,1942,1942,10,28,0,0.289781115,0,10/1/1942
P3,1929,1929,10,4,0,0.233510215,4,10/1/1929
P3,1930,1930,9,11,0,0.18716733,2,9/1/1930
P3,1931,1931,9,24,0,0.15966319,2,9/1/1931
P3,1932,1932,11,11,0,0.197659915,2,11/1/1932
P3,1933,1933,11,3,0,0.165487655,2,11/1/1933
P3,1934,1934,10,8,0,0.125373235,0,10/1/1934
P3,1935,1935,10,19,0,0.048498515,11,10/1/1935
P3,1936,1936,10,7,0,0.075735095,10,10/1/1936
P3,1937,1937,10,28,5.00E-05,0.066980325,3,10/1/1937
P3,1938,1938,10,4,0,0.094254425,6,10/1/1938
P3,1939,1940,1,10,0,0.078775305,0,1/1/1940
P3,1940,1941,4,15,0,0.074757875,3,4/1/1941
P3,1942,1942,10,28,0,0.05038784,4,10/1/1942
P4,1929,1929,10,4,0,0.330799525,1,10/1/1929
P4,1930,1930,9,11,0,0.38818571,3,9/1/1930
P4,1931,1931,9,24,0,0.27802281,0,9/1/1931
P4,1932,1932,11,11,0,0.39887001,0,11/1/1932
P4,1933,1933,11,3,0,0.369441705,1,11/1/1933
P4,1934,1934,10,9,0,0.3280584,1,10/1/1934
P4,1935,1935,10,19,2.50E-05,0.23362037,2,10/1/1935
P4,1936,1936,10,7,0,0.34296154,2,10/1/1936
P4,1937,1937,10,28,0,0.34835502,5,10/1/1937
P4,1938,1938,10,4,0,0.311227305,0,10/1/1938
P4,1939,1940,1,10,0,0.320707395,0,1/1/1940
P4,1940,1941,4,15,0,0.31581638,0,4/1/1941
P4,1942,1942,10,28,0,0.42449116,0,10/1/1942
P5,1929,1929,10,4,2.50E-05,0.14350715,10,10/1/1929
P5,1930,1930,9,11,0,0.100558155,16,9/1/1930
P5,1931,1931,9,24,5.00E-05,0.059785555,8,9/1/1931
P5,1932,1932,11,11,0,0.116835715,0,11/1/1932
P5,1933,1933,11,3,2.50E-05,0.135888175,19,11/1/1933
P5,1934,1934,10,8,0,0.165182655,2,10/1/1934
P5,1935,1935,10,19,0,0.1153227,28,10/1/1935
P5,1936,1936,10,7,0,0.2251524,15,10/1/1936
P5,1937,1937,10,28,0,0.24359321,23,10/1/1937
P5,1938,1938,10,4,0,0.27211634,6,10/1/1938
P5,1939,1940,1,10,0,0.254265345,0,1/1/1940
P5,1940,1941,4,15,0,0.223435495,6,4/1/1941
P5,1942,1942,10,28,0,0.12731815,2,10/1/1942
R1,1929,1929,10,10,0,0.076551235,5,10/1/1929
R1,1930,1930,9,12,0,0.074843695,0,9/1/1930
R1,1931,1931,10,6,0,0.07751468,0,10/1/1931
R1,1932,1932,11,9,0,0.112869795,0,11/1/1932
R1,1933,1933,10,26,0,0.112526985,0,10/1/1933
R1,1934,1934,9,27,0,0.044600495,0,9/1/1934
R1,1935,1935,10,17,0,0.01605489,3,10/1/1935
R1,1936,1936,10,13,0,0.031367085,4,10/1/1936
R1,1937,1937,10,27,0,0.0387321,17,10/1/1937
R1,1938,1938,9,26,0,0.040333445,6,9/1/1938
R1,1939,1939,12,7,0,0.033090295,3,12/1/1939
R1,1940,1941,3,3,0,0.070610985,4,3/1/1941
R1,1942,1943,1,29,0,0.066028245,6,1/1/1943
R2,1929,1929,10,10,0,0.09921207,7,10/1/1929
R2,1930,1930,9,12,0,0.09793697,2,9/1/1930
R2,1931,1931,10,6,0,0.12030148,0,10/1/1931
R2,1932,1932,11,9,0,0.165052455,1,11/1/1932
R2,1933,1933,10,26,0,0.17019885,0,10/1/1933
R2,1934,1934,9,27,0,0.080007915,1,9/1/1934
R2,1935,1935,10,18,2.50E-05,0.03365061,7,10/1/1935
R2,1936,1936,10,13,0,0.070221445,17,10/1/1936
R2,1937,1937,10,27,0,0.07477876,20,10/1/1937
R2,1938,1938,9,26,0,0.076282855,5,9/1/1938
R2,1939,1939,12,7,0,0.04547025,1,12/1/1939
R2,1940,1941,3,26,0,0.08058156,8,3/1/1941
R2,1942,1943,1,29,0,0.10319887,3,1/1/1943
R3,1929,1929,10,10,0,0.13324063,3,10/1/1929
R3,1930,1930,12,12,0,0.113568935,1,12/1/1930
R3,1931,1931,10,6,0,0.1436122,0,10/1/1931
R3,1932,1932,11,9,0,0.163832015,1,11/1/1932
R3,1933,1933,10,26,0,0.190334485,3,10/1/1933
R3,1934,1934,9,27,0,0.08960116,1,9/1/1934
R3,1935,1935,10,18,0,0.053496935,1,10/1/1935
R3,1936,1936,10,13,0,0.099779665,10,10/1/1936
R3,1937,1937,10,27,0,0.08942964,12,10/1/1937
R3,1938,1938,9,26,0,0.08467685,1,9/1/1938
R3,1939,1939,12,8,0,0.057211095,0,12/1/1939
R3,1940,1941,3,26,0,0.07696732,5,3/1/1941
R3,1942,1943,1,29,0,0.04425225,0,1/1/1943
R4,1929,1929,10,10,0,0.10626268,25,10/1/1929
R4,1930,1930,9,12,0,0.1031792,19,9/1/1930
R4,1931,1931,10,6,0,0.0769945,22,10/1/1931
R4,1932,1932,11,4,0,0.095999225,27,11/1/1932
R4,1933,1933,10,26,0,4.00E-04,15,10/1/1933
R4,1934,1934,9,7,0,7.00E-04,20,9/1/1934
R4,1935,1935,10,18,0,0.05356567,14,10/1/1935
R4,1936,1936,10,13,0,0.07344763,11,10/1/1936
R4,1937,1937,10,27,0,0.050949425,23,10/1/1937
R4,1938,1938,9,26,0,0.056293225,26,9/1/1938
R4,1939,1939,12,8,0,0.035954395,15,12/1/1939
R4,1940,1941,3,28,0,0.05544834,20,3/1/1941
R4,1942,1943,1,29,0,0.025007185,16,1/1/1943
T1,1929,1929,8,27,0,0.20958034,0,8/1/1929
T1,1930,1930,9,2,0,0.16799733,0,9/1/1930
T1,1931,1931,9,12,0,0.13403119,0,9/1/1931
T1,1932,1932,11,16,0,0.10670266,0,11/1/1932
T1,1933,1933,11,23,0,0.149443325,0,11/1/1933
T1,1934,1934,11,12,0,0.1166523,0,11/1/1934
T1,1935,1935,11,13,0,0.039772655,0,11/1/1935
T1,1936,1936,10,27,0,0.109015175,0,10/1/1936
T1,1937,1938,2,8,0,0.20519205,1,2/1/1938
T1,1939,1940,2,9,0,0.20254184,0,2/1/1940
T1,1940,1941,3,3,0,0.197146245,0,3/1/1941
T1,1942,1943,4,7,0,0.17739775,0,4/1/1943
T10,1929,1929,8,28,0,0.2910913,2,8/1/1929
T10,1930,1930,9,2,0,0.35291473,0,9/1/1930
T10,1931,1931,9,11,0,0.24980074,0,9/1/1931
T10,1932,1932,11,16,0,0.201430475,0,11/1/1932
T10,1933,1933,11,22,0,0.24427472,0,11/1/1933
T10,1934,1934,11,13,0,0.18528178,0,11/1/1934
T10,1935,1935,11,14,0,0.09257786,41,11/1/1935
T10,1936,1936,10,28,0,0.127368575,1,10/1/1936
T10,1937,1938,2,8,0,0.183369605,0,2/1/1938
T10,1938,1938,9,22,0,0.22562515,2,9/1/1938
T10,1939,1940,2,20,0,0.19099626,0,2/1/1940
T10,1940,1941,3,31,0,0.174117125,0,3/1/1941
T10,1942,1943,4,6,0,0.23875744,0,4/1/1943
T11,1929,1929,8,27,0,0.29714306,1,8/1/1929
T11,1930,1930,9,2,0,0.31647951,0,9/1/1930
T11,1931,1931,9,11,0,0.235326055,0,9/1/1931
T11,1932,1932,11,16,0,0.19999037,1,11/1/1932
T11,1933,1933,11,22,0,0.21354146,0,11/1/1933
T11,1934,1934,11,13,0,0.15226307,0,11/1/1934
T11,1935,1935,11,14,2.50E-05,0.104527,28,11/1/1935
T11,1936,1936,10,28,0,0.1247929,1,10/1/1936
T11,1937,1938,2,8,0,0.15635916,0,2/1/1938
T11,1938,1938,9,22,0,0.217364625,3,9/1/1938
T11,1939,1940,2,20,0,0.18957068,0,2/1/1940
T11,1940,1941,3,31,0,0.20427402,0,3/1/1941
T11,1942,1943,4,6,0,0.216529355,0,4/1/1943
T2,1929,1929,8,27,0,0.319798165,0,8/1/1929
T2,1930,1930,9,2,0,0.27157884,1,9/1/1930
T2,1931,1931,9,12,0,0.34747039,0,9/1/1931
T2,1932,1932,11,16,0,0.268989925,0,11/1/1932
T2,1933,1933,11,23,0,0.264823845,1,11/1/1933
T2,1934,1934,11,12,0,0.284686275,0,11/1/1934
T2,1935,1935,11,13,5.00E-05,0.148168645,0,11/1/1935
T2,1936,1936,10,27,0,0.158238355,0,10/1/1936
T2,1937,1938,2,8,2.50E-05,0.248587305,0,2/1/1938
T2,1938,1938,9,21,0,0.36754061,0,9/1/1938
T2,1939,1940,2,9,2.50E-05,0.254589965,0,2/1/1940
T2,1940,1941,3,3,0.01152078,0.21007394,0,3/1/1941
T2,1942,1943,4,7,0,0.296250089,0,4/1/1943
T3,1929,1929,8,27,0,0.28710835,6,8/1/1929
T3,1930,1930,9,2,0,0.26219823,1,9/1/1930
T3,1931,1931,9,12,0,0.247417905,1,9/1/1931
T3,1932,1932,11,16,0,0.18528661,0,11/1/1932
T3,1933,1933,11,23,0,0.23428232,1,11/1/1933
T3,1934,1934,11,12,0,0.233999985,0,11/1/1934
T3,1935,1935,11,13,0,0.05368006,1,11/1/1935
T3,1936,1936,10,27,0,0.0144727,1,10/1/1936
T3,1937,1938,2,8,0,0.065228865,0,2/1/1938
T3,1938,1938,9,21,0,0.127594885,0,9/1/1938
T3,1939,1940,2,9,0,0.109036655,0,2/1/1940
T3,1940,1941,3,3,0,0.10743792,0,3/1/1941
T3,1942,1943,4,7,0,0.13124189,0,4/1/1943
T4,1929,1929,8,27,0,0.40078455,1,8/1/1929
T4,1931,1931,9,12,0,0.36270152,0,9/1/1931
T4,1932,1932,11,16,0,0.30831238,0,11/1/1932
T4,1933,1933,11,23,0,0.299375075,0,11/1/1933
T4,1934,1934,11,12,0,0.284927725,0,11/1/1934
T4,1935,1935,11,13,0,0.22309972,0,11/1/1935
T4,1936,1936,10,28,0,0.19316161,0,10/1/1936
T4,1937,1938,2,8,0,0.324853475,0,2/1/1938
T4,1938,1938,9,22,0,0.41166001,0,9/1/1938
T4,1939,1940,2,9,0,0.331571255,0,2/1/1940
T4,1940,1941,3,3,0,0.222862865,0,3/1/1941
T4,1942,1943,4,7,0,0.29713539,0,4/1/1943
T5,1929,1929,8,27,0,0.250208605,9,8/1/1929
T5,1930,1930,9,2,0,0.25130634,5,9/1/1930
T5,1931,1931,9,12,0,0.2282647,1,9/1/1931
T5,1932,1932,11,16,0,0.16737694,8,11/1/1932
T5,1933,1933,11,23,0,0.16817958,8,11/1/1933
T5,1934,1934,11,13,0,0.1329899,0,11/1/1934
T5,1935,1935,11,13,0,0.05189145,4,11/1/1935
T5,1936,1936,10,28,2.50E-05,0.08732775,5,10/1/1936
T5,1937,1938,2,8,2.50E-05,0.160081125,1,2/1/1938
T5,1938,1938,9,22,0,0.233035155,2,9/1/1938
T5,1939,1940,2,9,2.50E-05,0.1743452,0,2/1/1940
T5,1940,1941,3,14,0,0.141681575,0,3/1/1941
T5,1942,1943,4,7,0,0.275175915,1,4/1/1943
T6,1929,1929,8,27,0,0.21004205,7,8/1/1929
T6,1930,1930,9,2,0,0.20500104,5,9/1/1930
T6,1931,1931,9,12,0,0.17544975,2,9/1/1931
T6,1932,1932,11,16,0,0.18973037,2,11/1/1932
T6,1933,1933,11,22,0,0.14417858,0,11/1/1933
T6,1934,1934,11,13,0,0.10553685,0,11/1/1934
T6,1935,1935,11,13,0,0.072255,8,11/1/1935
T6,1936,1936,10,28,0,0.102865585,5,10/1/1936
T6,1937,1938,2,8,0,0.190757015,4,2/1/1938
T6,1938,1938,9,22,0,0.28151439,7,9/1/1938
T6,1939,1940,2,20,0,0.29327832,0,2/1/1940
T6,1940,1941,3,14,0,0.23665482,0,3/1/1941
T6,1942,1943,4,7,0,0.2798172,1,4/1/1943
T7,1929,1929,8,28,0,0.26148746,0,8/1/1929
T7,1930,1930,9,9,0,0.23590055,0,9/1/1930
T7,1931,1931,9,11,0,0.314146435,0,9/1/1931
T7,1932,1932,11,16,0,0.275542105,0,11/1/1932
T7,1933,1933,11,22,0,0.348599365,0,11/1/1933
T7,1934,1934,11,2,0,0.2584925,0,11/1/1934
T7,1935,1935,11,14,0,0.270919515,0,11/1/1935
T7,1936,1936,10,28,0,0.207238015,0,10/1/1936
T7,1937,1938,2,7,0,0.33257828,0,2/1/1938
T7,1938,1938,9,22,0,0.36737226,0,9/1/1938
T7,1939,1940,3,25,0,0.23210944,0,3/1/1940
T7,1940,1941,3,31,0,0.14989669,0,3/1/1941
T7,1942,1943,4,6,0,0.265825205,0,4/1/1943
T8,1929,1929,8,28,0,0.440076975,0,8/1/1929
T8,1930,1930,9,9,2.50E-05,0.31793261,0,9/1/1930
T8,1931,1931,9,11,0,0.37098592,0,9/1/1931
T8,1932,1932,11,15,0,0.30729022,0,11/1/1932
T8,1933,1933,11,22,0,0.34339328,1,11/1/1933
T8,1934,1934,11,2,0,0.27191466,0,11/1/1934
T8,1935,1935,11,14,0,0.23331781,8,11/1/1935
T8,1936,1936,10,28,0,0.276852555,7,10/1/1936
T8,1937,1938,2,7,0,0.288035975,0,2/1/1938
T8,1938,1938,9,22,0,0.39751961,3,9/1/1938
T8,1939,1940,3,25,0,0.297036375,0,3/1/1940
T8,1942,1943,4,6,0,0.22905786,0,4/1/1943
T9,1929,1929,8,28,0,0.35061109,0,8/1/1929
T9,1930,1930,9,9,0,0.33044499,0,9/1/1930
T9,1931,1931,9,11,0,0.294707395,0,9/1/1931
T9,1932,1932,11,15,0,0.23635395,3,11/1/1932
T9,1933,1933,11,22,0,0.359841335,0,11/1/1933
T9,1934,1934,11,2,0,0.38234129,2,11/1/1934
T9,1935,1935,11,14,0,0.256077805,2,11/1/1935
T9,1936,1936,10,28,0,0.20856795,0,10/1/1936
T9,1937,1938,2,7,0,0.291904795,0,2/1/1938
T9,1938,1938,9,22,0,0.411790485,1,9/1/1938
T9,1939,1940,3,25,0,0.3042828,0,3/1/1940
T9,1940,1941,4,17,0,0.22528923,2,4/1/1941
T9,1942,1943,4,6,0,0.24272095,0,4/1/1943
U1,1929,1929,10,9,0,0.10583991,4,10/1/1929
U1,1930,1930,9,4,0,0.083934225,0,9/1/1930
U1,1931,1931,10,1,0,0.0552968,4,10/1/1931
U1,1932,1932,10,17,0,0.082661535,8,10/1/1932
U1,1933,1933,10,25,0,0.103859505,17,10/1/1933
U1,1934,1934,9,26,0,0.05801309,3,9/1/1934
U1,1935,1935,10,17,0,0.04250837,11,10/1/1935
U1,1936,1936,10,15,0,0.057892,4,10/1/1936
U1,1937,1937,10,21,0,0.0591263,7,10/1/1937
U1,1938,1938,10,5,0,0.04807326,4,10/1/1938
U1,1939,1939,10,4,0,0.09898062,11,10/1/1939
U1,1940,1941,1,20,0,0.072390985,6,1/1/1941
U1,1942,1942,10,29,0,0.081565395,5,10/1/1942
U2,1929,1929,10,9,0,0.11869447,3,10/1/1929
U2,1930,1930,9,4,0,0.12404725,0,9/1/1930
U2,1931,1931,10,1,0,0.0925411,2,10/1/1931
U2,1932,1932,10,17,0,0.149766915,1,10/1/1932
U2,1933,1933,10,25,0,0.24334946,8,10/1/1933
U2,1934,1934,9,26,0,0.11755396,0,9/1/1934
U2,1935,1935,10,17,0,0.05672695,10,10/1/1935
U2,1936,1936,10,15,0,0.0875262,19,10/1/1936
U2,1937,1937,10,21,0,0.10098334,17,10/1/1937
U2,1938,1938,10,5,0,0.092377355,8,10/1/1938
U2,1939,1939,10,4,0,0.109248165,0,10/1/1939
U2,1940,1941,1,20,0,0.13158266,0,1/1/1941
U2,1942,1942,10,29,0,0.148058605,0,10/1/1942
U3,1929,1929,10,9,0,0.13926949,3,10/1/1929
U3,1930,1930,9,4,0,0.134866355,0,9/1/1930
U3,1931,1931,10,1,0,0.1368808,0,10/1/1931
U3,1932,1932,10,17,0,0.18630068,1,10/1/1932
U3,1933,1933,10,25,0,0.253586055,3,10/1/1933
U3,1934,1934,9,26,0,0.10866539,0,9/1/1934
U3,1935,1935,10,17,0,0.07726339,5,10/1/1935
U3,1936,1936,10,15,0,0.0937727,11,10/1/1936
U3,1937,1937,10,21,0,0.06901525,6,10/1/1937
U3,1938,1938,10,5,0,0.0678975,2,10/1/1938
U3,1939,1939,10,4,0,0.06571423,3,10/1/1939
U3,1940,1941,1,21,0,0.113992285,9,1/1/1941
U3,1942,1942,10,29,0,0.08977976,4,10/1/1942
U4,1929,1929,10,9,0,0.09074775,32,10/1/1929
U4,1930,1930,9,4,0,0.0950864,3,9/1/1930
U4,1931,1931,10,1,0,0.07841226,11,10/1/1931
U4,1932,1932,10,17,0,0.13220897,17,10/1/1932
U4,1933,1933,10,25,0,0.163148345,15,10/1/1933
U4,1934,1934,9,26,0,0.080887355,1,9/1/1934
U4,1935,1935,10,17,0,0.06694335,9,10/1/1935
U4,1936,1936,10,15,0,0.09648036,23,10/1/1936
U4,1937,1937,10,21,0,0.09221868,3,10/1/1937
U4,1938,1938,10,6,0,0.09936914,9,10/1/1938
U4,1939,1939,10,4,0,0.095207115,2,10/1/1939
U4,1940,1941,1,21,0,0.119309105,1,1/1/1941
U4,1942,1942,10,29,0,0.122145015,3,10/1/1942
U5,1929,1929,10,9,0,0.119108625,35,10/1/1929
U5,1930,1930,9,4,0,0.100385705,1,9/1/1930
U5,1931,1931,10,1,0,0.06531275,2,10/1/1931
U5,1932,1932,10,17,0,0.106695,3,10/1/1932
U5,1933,1933,10,25,0,0.142161,8,10/1/1933
U5,1934,1934,9,26,0,0.06234866,0,9/1/1934
U5,1935,1935,10,22,0,0.0517314,8,10/1/1935
U5,1936,1936,10,15,0,0.07261636,21,10/1/1936
U5,1937,1937,10,21,0,0.0771475,3,10/1/1937
U5,1938,1938,10,6,0,0.08410979,1,10/1/1938
U5,1939,1939,10,4,0,0.096357825,0,10/1/1939
U5,1940,1941,1,21,0,0.13881388,0,1/1/1941
U5,1942,1942,10,29,0,0.11264157,6,10/1/1942
V1,1929,1929,9,27,0,0.2136871,7,9/1/1929
V1,1930,1930,9,3,0,0.1681134,12,9/1/1930
V1,1931,1931,9,25,0,0.178121795,2,9/1/1931
V1,1932,1932,11,3,0,0.20805415,2,11/1/1932
V1,1933,1933,10,30,0,0.163357795,2,10/1/1933
V1,1934,1934,10,3,0,0.130568835,2,10/1/1934
V1,1935,1935,10,31,0,0.01997,27,10/1/1935
V1,1936,1936,10,16,0,0.04886059,92,10/1/1936
V1,1937,1937,11,24,0,0.059507,0,11/1/1937
V1,1938,1938,9,26,0,0.063583,16,9/1/1938
V1,1939,1939,10,5,0,0.05062215,7,10/1/1939
V1,1940,1941,3,27,0,0.04716335,5,3/1/1941
V1,1942,1942,10,30,0,0.028873,2,10/1/1942
V2,1929,1929,9,27,0,0.17566007,5,9/1/1929
V2,1930,1930,9,3,0,0.16736214,11,9/1/1930
V2,1931,1931,9,25,0,0.180901035,9,9/1/1931
V2,1932,1932,11,3,0,0.1832413,2,11/1/1932
V2,1933,1933,10,31,0,0.14978445,2,10/1/1933
V2,1934,1934,10,3,0,0.0980905,2,10/1/1934
V2,1935,1935,10,31,0,0.030701,10,10/1/1935
V2,1936,1936,10,16,0,0.06891655,42,10/1/1936
V2,1937,1937,11,24,0,0.092140205,5,11/1/1937
V2,1938,1938,9,26,0,0.0740294,10,9/1/1938
V2,1939,1939,10,5,0,0.052992,5,10/1/1939
V2,1940,1941,3,27,0,0.08484589,4,3/1/1941
V2,1942,1942,10,30,0,0.084435205,5,10/1/1942
V3,1929,1929,9,27,0,0.18111729,0,9/1/1929
V3,1930,1930,9,3,0,0.17240158,0,9/1/1930
V3,1931,1931,9,25,0,0.19563937,1,9/1/1931
V3,1932,1932,11,3,0,0.214648775,0,11/1/1932
V3,1933,1933,10,31,0,0.185569345,4,10/1/1933
V3,1934,1934,10,4,0,0.1373189,0,10/1/1934
V3,1935,1935,10,31,0,0.0077357,0,10/1/1935
V3,1936,1936,10,16,0,0.0202767,6,10/1/1936
V3,1937,1937,11,26,0,0.02135385,0,11/1/1937
V3,1938,1938,9,26,0,0.03733953,0,9/1/1938
V3,1939,1939,10,5,0,0.03536688,0,10/1/1939
V3,1940,1941,3,27,0,0.035172895,0,3/1/1941
V3,1942,1942,10,30,0,0.0448,0,10/1/1942
V4,1929,1929,9,27,0,0.175714995,0,9/1/1929
V4,1930,1930,9,3,0,0.108198825,0,9/1/1930
V4,1931,1931,9,25,0,0.13801137,1,9/1/1931
V4,1932,1932,11,3,0,0.135965675,1,11/1/1932
V4,1933,1933,10,31,0,0.104788575,8,10/1/1933
V4,1934,1934,10,3,0,0.07097335,0,10/1/1934
V4,1935,1935,10,31,0,0.01526263,2,10/1/1935
V4,1936,1936,10,16,0,0.03738546,9,10/1/1936
V4,1937,1937,11,26,0,0.042402935,2,11/1/1937
V4,1938,1938,9,26,0,0.0382083,0,9/1/1938
V4,1939,1939,10,5,0,0.026765115,0,10/1/1939
V4,1940,1941,3,27,0,0.03792335,1,3/1/1941
V4,1942,1942,10,30,0,0.0273357,2,10/1/1942
V5,1929,1929,9,27,0,0.16158065,2,9/1/1929
V5,1930,1930,9,3,0,0.12554158,3,9/1/1930
V5,1931,1931,9,25,0,0.150888455,2,9/1/1931
V5,1932,1932,11,3,0,0.16998257,5,11/1/1932
V5,1933,1933,10,31,0,0.18532982,3,10/1/1933
V5,1934,1934,10,4,0,0.141043675,0,10/1/1934
V5,1935,1935,10,31,0,0.0133614,13,10/1/1935
V5,1936,1936,10,16,2.50E-05,0.0354442,13,10/1/1936
V5,1937,1937,11,26,0.00163675,0.05175452,2,11/1/1937
V5,1938,1938,9,26,0,0.076034735,18,9/1/1938
V5,1939,1939,10,5,0,0.049763255,23,10/1/1939
V5,1940,1941,3,27,0,0.0814742,1,3/1/1941
V5,1942,1942,10,30,0,0.09784878,18,10/1/1942
V6,1929,1929,9,27,0,0.155340265,7,9/1/1929
V6,1930,1930,9,3,0,0.08338001,19,9/1/1930
V6,1931,1931,9,25,0,0.121874205,8,9/1/1931
V6,1932,1932,11,3,0,0.1343879,6,11/1/1932
V6,1933,1933,10,31,0,0.148789885,3,10/1/1933
V6,1934,1934,10,3,0,0.09304079,0,10/1/1934
V6,1935,1935,10,31,0,0.00725401,30,10/1/1935
V6,1936,1936,10,16,0,0.02643335,8,10/1/1936
V6,1937,1937,11,26,0,0.02132556,8,11/1/1937
V6,1938,1938,9,26,0,0.02766356,32,9/1/1938
V6,1939,1939,10,5,0,0.01436885,9,10/1/1939
V6,1940,1941,3,27,0,0.013022645,0,3/1/1941
V6,1942,1942,10,30,0,0.01819254,16,10/1/1942
Y1,1929,1929,10,9,0,0.204823645,0,10/1/1929
Y1,1930,1930,9,20,0,0.286976815,0,9/1/1930
Y1,1931,1931,10,22,0,0.308042465,0,10/1/1931
Y1,1932,1932,11,4,0,0.23316757,0,11/1/1932
Y1,1933,1933,10,31,0,0.26723916,0,10/1/1933
Y1,1934,1934,10,9,0,0.171649095,4,10/1/1934
Y1,1935,1935,10,30,0,0.19625553,3,10/1/1935
Y1,1936,1936,10,12,0,0.27104686,3,10/1/1936
Y1,1937,1937,11,26,0,0.313160495,0,11/1/1937
Y1,1938,1938,10,4,0,0.27284095,0,10/1/1938
Y1,1939,1940,1,5,0,0.248253725,0,1/1/1940
Y1,1940,1941,2,13,0,0.28726231,0,2/1/1941
Y1,1942,1943,4,9,0,0.26517801,0,4/1/1943
Y3,1929,1929,8,26,0,0.412318205,8,8/1/1929
Y3,1930,1930,9,19,0,0.443006755,22,9/1/1930
Y3,1931,1931,9,25,0,0.36786448,5,9/1/1931
Y3,1932,1932,11,10,0,0.507094,16,11/1/1932
Y3,1933,1933,10,30,0,0.45401956,5,10/1/1933
Y3,1934,1934,10,3,0,0.36165734,0,10/1/1934
Y3,1935,1935,10,31,0,0.298357455,28,10/1/1935
Y3,1936,1936,10,12,0,0.528028795,16,10/1/1936
Y3,1937,1937,11,19,0,0.51174617,35,11/1/1937
Y3,1938,1938,10,6,0,0.42149794,27,10/1/1938
Y3,1939,1940,2,26,0,0.24632077,0,2/1/1940
Y3,1940,1941,4,15,0,0.28863913,10,4/1/1941
Y3,1942,1943,4,6,0,0.25904711,36,4/1/1943
Y7,1929,1929,8,26,0,0.32989051,16,8/1/1929
Y7,1930,1930,9,19,0,0.450791005,20,9/1/1930
Y7,1931,1931,9,25,0,0.31977093,17,9/1/1931
Y7,1932,1932,11,10,0,0.400033035,20,11/1/1932
Y7,1933,1934,1,15,0,0.50350122,7,1/1/1934
Y7,1934,1934,10,3,0,0.39222893,5,10/1/1934
Y7,1935,1935,10,30,0,0.195170715,29,10/1/1935
Y7,1936,1936,10,12,0,0.515972365,26,10/1/1936
Y7,1937,1937,11,24,0,0.51238861,18,11/1/1937
Y7,1938,1938,10,6,0,0.361578315,11,10/1/1938
Y7,1939,1940,2,26,0,0.453057775,2,2/1/1940
Y7,1940,1941,4,17,0,0.316043395,4,4/1/1941
Y7,1942,1943,4,6,0,0.18894508,6,4/1/1943
