"quadrat","project_year","year","month","day"
"A1",1915,1915,10,13
"A1",1916,1916,5,24
"A1",1917,1917,9,19
"A1",1918,1918,9,23
"A1",1919,1919,10,17
"A1",1920,1920,10,27
"A1",1921,1921,10,20
"A1",1922,1922,10,17
"A1",1923,1923,10,25
"A1",1924,1924,10,26
"A1",1925,1925,10,21
"A1",1926,1926,9,15
"A1",1927,1927,9,1
"A1",1928,1928,9,18
"A1",1929,1929,9,25
"A1",1930,1930,8,29
"A1",1931,1931,9,28
"A1",1932,1932,9,28
"A1",1933,1933,10,17
"A1",1934,1934,10,31
"A1",1935,1935,10,9
"A1",1936,1936,10,23
"A1",1937,1937,10,15
"A1",1938,1938,9,23
"A1",1939,1940,1,9
"A1",1940,1941,2,11
"A1",1941,1942,1,8
"A1",1942,1942,10,9
"A1",1943,1943,12,17
"A1",1944,1944,9,23
"A1",1945,1945,9,20
"A1",1946,1947,2,17
"A1",1947,1947,9,26
"A1",1949,1949,9,1
"A1",1950,1950,11,2
"A1",1951,1951,8,24
"A1",1952,1952,9,18
"A1",1956,1956,8,17
"A1",1957,1957,8,13
"A1",1958,1958,9,25
"A1",1959,1959,9,17
"A1",1960,1960,8,19
"A1",1961,1961,9,15
"A1",1965,1965,10,22
"A1",1966,1966,10,20
"A1",1968,1968,8,13
"A1",1969,1969,9,11
"A1",1971,1971,7,29
"A1",1972,1972,8,8
"A1",1973,1973,8,14
"A1",1974,1974,6,28
"A1",1975,1975,8,5
"A1",1976,1976,7,27
"A1",1977,1977,7,15
"A1",1995,1995,10,18
"A1",2001,2001,10,30
"A1",2006,2006,11,9
"A1",2011,2011,12,1
"A1",2016,2016,11,15
"A2",1915,1915,10,13
"A2",1916,1916,9,8
"A2",1917,1917,9,19
"A2",1918,1918,9,23
"A2",1919,1919,10,17
"A2",1920,1920,10,27
"A2",1921,1921,10,20
"A2",1922,1922,10,17
"A2",1923,1923,10,25
"A2",1924,1924,10,25
"A2",1925,1925,10,21
"A2",1926,1926,9,15
"A2",1927,1927,9,1
"A2",1928,1928,9,18
"A2",1929,1929,9,25
"A2",1930,1930,8,29
"A2",1931,1931,9,28
"A2",1932,1932,9,28
"A2",1933,1933,10,17
"A2",1934,1934,10,31
"A2",1935,1935,10,9
"A2",1936,1936,10,23
"A2",1937,1937,10,15
"A2",1938,1938,9,23
"A2",1939,1940,1,9
"A2",1940,1941,2,11
"A2",1941,1942,1,8
"A2",1942,1942,10,9
"A2",1943,1943,12,17
"A2",1944,1944,9,23
"A2",1945,1945,9,20
"A2",1946,1947,2,17
"A2",1947,1947,9,26
"A2",1949,1949,9,1
"A2",1950,1950,11,2
"A2",1951,1951,8,24
"A2",1952,1952,9,18
"A2",1956,1956,8,17
"A2",1957,1957,8,13
"A2",1958,1958,9,25
"A2",1960,1960,8,19
"A2",1961,1961,9,15
"A2",1965,1965,10,22
"A2",1966,1966,10,20
"A2",1968,1968,8,13
"A2",1971,1971,7,29
"A2",1972,1972,8,14
"A2",1974,1974,7,3
"A2",1976,1976,7,28
"A2",1995,1995,10,18
"A2",2001,2001,10,25
"A2",2006,2006,11,8
"A2",2011,2011,11,30
"A2",2016,2016,11,15
"A3",1915,1915,10,13
"A3",1916,1916,9,8
"A3",1917,1917,9,19
"A3",1918,1918,9,23
"A3",1919,1919,10,17
"A3",1920,1920,10,27
"A3",1921,1921,10,20
"A3",1924,1924,10,25
"A3",1925,1925,10,21
"A3",1926,1926,9,15
"A3",1927,1927,9,1
"A3",1928,1928,9,18
"A3",1929,1929,9,25
"A3",1930,1930,8,29
"A3",1931,1931,9,28
"A3",1932,1932,9,28
"A3",1933,1933,10,17
"A3",1934,1934,10,31
"A3",1935,1935,10,9
"A3",1936,1936,10,23
"A3",1937,1937,10,15
"A3",1938,1938,9,23
"A3",1939,1940,1,9
"A3",1940,1941,2,11
"A3",1941,1942,1,8
"A3",1942,1942,10,9
"A3",1943,1943,12,17
"A3",1944,1944,9,23
"A3",1945,1945,9,20
"A3",1946,1947,2,17
"A3",1947,1947,9,26
"A3",1949,1949,9,1
"A3",1950,1950,11,2
"A3",1951,1951,8,24
"A3",1952,1952,9,18
"A3",1953,1953,9,21
"A3",1955,1955,9,22
"A3",1956,1956,8,17
"A3",1958,1958,9,25
"A3",1959,1959,9,17
"A3",1960,1960,8,19
"A3",1961,1961,9,15
"A3",1965,1965,10,22
"A3",1966,1966,10,20
"A3",1968,1968,8,13
"A3",1969,1969,9,11
"A3",1970,1970,8,17
"A3",1971,1971,7,29
"A3",1972,1972,8,14
"A3",1974,1974,6,28
"A3",1975,1975,8,5
"A3",1976,1976,7,27
"A3",1977,1977,7,21
"A3",1995,1995,10,18
"A3",2001,2001,10,25
"A3",2006,2006,11,8
"A3",2011,2011,11,30
"A3",2016,2016,11,15
"A4",1915,1915,10,13
"A4",1916,1916,9,8
"A4",1917,1917,9,19
"A4",1918,1918,9,23
"A4",1919,1919,10,17
"A4",1920,1920,10,27
"A4",1921,1921,10,20
"A4",1922,1922,10,17
"A4",1923,1923,10,25
"A4",1924,1924,10,26
"A4",1925,1925,10,21
"A4",1926,1926,9,15
"A4",1927,1927,9,1
"A4",1928,1928,9,18
"A4",1929,1929,9,25
"A4",1930,1930,8,29
"A4",1931,1931,9,28
"A4",1932,1932,9,28
"A4",1933,1933,10,17
"A4",1934,1934,10,31
"A4",1935,1935,10,9
"A4",1936,1936,10,23
"A4",1937,1937,10,15
"A4",1938,1938,9,23
"A4",1939,1940,1,9
"A4",1940,1941,2,11
"A4",1941,1942,1,8
"A4",1942,1942,10,9
"A4",1943,1943,12,17
"A4",1944,1944,9,23
"A4",1945,1945,9,20
"A4",1946,1947,2,17
"A4",1947,1947,9,26
"A4",1949,1949,9,1
"A4",1950,1950,11,3
"A4",1951,1951,8,24
"A4",1952,1952,9,18
"A4",1956,1956,8,17
"A4",1957,1957,8,13
"A4",1958,1958,9,25
"A4",1959,1959,9,17
"A4",1960,1960,8,19
"A4",1961,1961,9,15
"A4",1965,1965,10,22
"A4",1966,1966,10,20
"A4",1968,1968,8,13
"A4",1969,1969,9,11
"A4",1970,1970,8,17
"A4",1971,1971,7,28
"A4",1972,1972,8,8
"A4",1974,1974,6,28
"A4",1975,1975,8,5
"A4",1977,1977,7,20
"A4",1995,1995,10,18
"A4",2001,2001,10,25
"A4",2006,2006,11,8
"A4",2011,2011,11,30
"A4",2016,2016,11,15
"A5",1915,1915,10,14
"A5",1916,1916,9,8
"A5",1917,1917,9,19
"A5",1918,1918,9,23
"A5",1919,1919,10,17
"A5",1920,1920,10,27
"A5",1921,1921,10,20
"A5",1922,1922,10,17
"A5",1923,1923,10,25
"A5",1924,1924,10,26
"A5",1925,1925,10,21
"A5",1926,1926,9,15
"A5",1927,1927,9,1
"A5",1928,1928,9,18
"A5",1929,1929,9,25
"A5",1930,1930,8,29
"A5",1931,1931,9,28
"A5",1932,1932,9,28
"A5",1933,1933,10,17
"A5",1934,1934,10,31
"A5",1935,1935,10,9
"A5",1936,1936,10,23
"A5",1937,1937,10,15
"A5",1938,1938,9,23
"A5",1939,1940,1,9
"A5",1940,1941,2,11
"A5",1941,1942,1,8
"A5",1942,1942,10,9
"A5",1943,1943,12,17
"A5",1944,1944,9,23
"A5",1945,1945,9,20
"A5",1946,1947,2,17
"A5",1947,1947,9,26
"A5",1949,1949,9,1
"A5",1950,1950,11,3
"A5",1951,1951,8,24
"A5",1952,1952,9,18
"A5",1956,1956,8,17
"A5",1957,1957,8,14
"A5",1958,1958,9,25
"A5",1959,1959,9,17
"A5",1960,1960,8,19
"A5",1961,1961,9,15
"A5",1965,1965,10,22
"A5",1966,1966,10,20
"A5",1968,1968,8,13
"A5",1971,1971,7,29
"A5",1972,1972,8,14
"A5",1974,1974,6,28
"A5",1975,1975,8,5
"A5",1976,1976,7,28
"A5",1977,1977,7,20
"A5",1995,1995,10,3
"A5",2001,2001,10,25
"A5",2006,2006,11,8
"A5",2011,2011,11,30
"A5",2016,2016,11,15
"AR1",1926,1926,9,15
"AR1",1927,1927,9,1
"AR1",1928,1928,9,19
"AR1",1929,1929,9,11
"AR1",1930,1930,8,29
"AR1",1931,1931,9,28
"AR1",1932,1932,9,28
"AR1",1933,1933,10,20
"AR1",1934,1934,11,1
"AR1",1935,1935,10,9
"AR1",1936,1936,10,23
"AR1",1937,1937,10,15
"AR1",1938,1938,9,23
"AR1",1939,1940,1,8
"AR1",1940,1941,2,13
"AR1",1941,1942,1,9
"AR1",1942,1942,10,9
"AR1",1943,1943,11,17
"AR1",1944,1945,3,12
"AR1",1945,1945,9,24
"AR1",1946,1946,12,17
"AR1",1947,1948,1,22
"AR1",1949,1949,9,7
"AR1",1950,1950,11,2
"AR1",1951,1951,8,24
"AR1",1952,1952,9,18
"AR1",1953,1953,9,21
"AR1",1954,1954,12,2
"AR1",1955,1955,9,22
"AR1",1956,1956,8,17
"AR1",1957,1957,8,13
"AR1",1958,1958,9,28
"AR1",1959,1959,9,21
"AR1",1960,1960,8,19
"AR1",1961,1961,9,15
"AR1",1965,1965,10,18
"AR1",1968,1968,8,13
"AR1",1971,1971,7,29
"AR1",1972,1972,8,14
"AR1",1973,1973,8,15
"AR1",1974,1974,6,28
"AR1",1975,1975,8,5
"AR1",1976,1976,7,28
"AR1",1977,1977,7,21
"AR1",1995,1995,10,18
"AR1",2001,2001,10,30
"AR1",2006,2006,11,7
"AR1",2011,2011,12,1
"AR1",2016,2016,11,10
"AR2",1926,1926,9,15
"AR2",1927,1927,9,1
"AR2",1928,1928,9,19
"AR2",1929,1929,9,11
"AR2",1930,1930,8,29
"AR2",1931,1931,9,28
"AR2",1932,1932,9,28
"AR2",1933,1933,10,20
"AR2",1934,1934,11,1
"AR2",1935,1935,10,9
"AR2",1936,1936,10,23
"AR2",1937,1937,10,15
"AR2",1938,1938,9,23
"AR2",1939,1940,1,8
"AR2",1940,1941,2,13
"AR2",1941,1942,1,9
"AR2",1942,1942,10,9
"AR2",1943,1943,11,17
"AR2",1944,1945,3,12
"AR2",1945,1945,9,24
"AR2",1946,1946,12,17
"AR2",1947,1948,1,22
"AR2",1949,1949,9,7
"AR2",1950,1950,11,2
"AR2",1951,1951,8,24
"AR2",1952,1952,9,18
"AR2",1953,1953,9,21
"AR2",1954,1954,12,2
"AR2",1955,1955,9,21
"AR2",1956,1956,8,17
"AR2",1957,1957,8,13
"AR2",1958,1958,9,30
"AR2",1959,1959,9,21
"AR2",1960,NA,NA,NA
"AR2",1962,1962,10,18
"AR2",1965,NA,NA,NA
"AR2",1968,1968,8,13
"AR2",1971,1971,7,30
"AR2",1972,1972,8,14
"AR2",1973,1973,8,15
"AR2",1974,1974,6,28
"AR2",1995,1995,10,18
"AR2",2001,2001,10,30
"AR2",2006,2006,11,7
"AR2",2011,2011,12,1
"AR2",2016,2016,11,10
"AR3",1926,1926,9,15
"AR3",1927,1927,9,1
"AR3",1928,1928,9,19
"AR3",1929,1929,9,11
"AR3",1930,1930,8,29
"AR3",1931,1931,9,28
"AR3",1932,1932,9,28
"AR3",1933,1933,10,20
"AR3",1934,1934,10,31
"AR3",1935,1935,10,9
"AR3",1936,1936,10,26
"AR3",1937,1937,10,15
"AR3",1938,1938,9,23
"AR3",1939,1940,1,8
"AR3",1940,1941,2,13
"AR3",1942,1942,10,9
"AR3",1943,1943,11,17
"AR3",1944,1945,3,12
"AR3",1945,1945,9,24
"AR3",1946,1946,12,17
"AR3",1947,1948,1,22
"AR3",1949,1949,9,7
"AR3",1950,1950,11,2
"AR3",1951,1951,8,24
"AR3",1952,1952,9,18
"AR3",1953,1953,9,21
"AR3",1954,1954,12,2
"AR3",1955,1955,9,21
"AR3",1956,1956,8,17
"AR3",1957,1957,8,13
"AR3",1958,1958,9,30
"AR3",1959,1959,9,21
"AR3",1960,1960,8,19
"AR3",1961,1961,9,15
"AR3",1965,1965,10,18
"AR3",1968,1968,8,13
"AR3",1970,1970,8,17
"AR3",1971,1971,7,29
"AR3",1972,1972,8,14
"AR3",1973,1973,8,15
"AR3",1974,1974,6,28
"AR3",1975,1975,8,5
"AR3",1976,1976,7,28
"AR3",1977,1977,7,15
"AR3",1995,1995,10,18
"AR3",2001,2001,10,30
"AR3",2006,2006,11,7
"AR3",2011,2011,12,1
"AR3",2016,2016,11,10
"AR4",1926,1926,9,16
"AR4",1927,1927,9,1
"AR4",1928,1928,9,19
"AR4",1929,1929,9,11
"AR4",1930,1930,9,1
"AR4",1931,1931,9,28
"AR4",1932,1932,10,2
"AR4",1933,1933,10,20
"AR4",1934,1934,11,1
"AR4",1935,1935,10,10
"AR4",1936,1936,10,26
"AR4",1937,1937,10,19
"AR4",1938,1938,9,23
"AR4",1939,1940,1,8
"AR4",1940,1941,2,13
"AR4",1941,1942,1,9
"AR4",1942,1942,10,9
"AR4",1943,1943,11,17
"AR4",1944,1945,3,12
"AR4",1945,1945,9,26
"AR4",1946,1946,12,17
"AR4",1947,1947,9,26
"AR4",1949,1949,9,1
"AR4",1950,1950,11,2
"AR4",1951,1951,8,23
"AR4",1952,1952,9,12
"AR4",1953,1953,9,21
"AR4",1954,1954,12,2
"AR4",1955,1955,9,21
"AR4",1956,1956,8,17
"AR4",1957,1957,8,13
"AR4",1958,1958,9,27
"AR4",1959,1959,8,13
"AR4",1960,1960,8,31
"AR4",1965,1965,10,18
"AR4",1968,1968,8,13
"AR4",1969,1969,9,11
"AR4",1970,1970,8,17
"AR4",1971,1971,7,29
"AR4",1972,1972,8,14
"AR4",1973,1973,8,17
"AR4",1974,1974,6,28
"AR4",1975,1975,8,5
"AR4",1976,1976,7,28
"AR4",1977,1977,7,21
"AR4",1979,1979,8,13
"AR4",1995,1995,10,18
"AR4",2001,2001,10,30
"AR4",2006,2006,11,7
"AR4",2011,2011,12,1
"AR4",2016,2016,11,10
"AR5",1926,1926,9,16
"AR5",1927,1927,9,1
"AR5",1928,1928,9,19
"AR5",1929,1929,9,11
"AR5",1930,1930,9,1
"AR5",1931,1931,9,28
"AR5",1932,1932,10,2
"AR5",1933,1933,10,20
"AR5",1934,1934,11,1
"AR5",1935,1935,10,10
"AR5",1936,1936,10,26
"AR5",1937,1937,10,19
"AR5",1938,1938,9,23
"AR5",1939,1940,1,8
"AR5",1940,1941,2,13
"AR5",1941,1942,1,9
"AR5",1942,1942,10,9
"AR5",1943,1943,11,17
"AR5",1944,1945,3,12
"AR5",1945,1945,9,26
"AR5",1946,1946,12,17
"AR5",1947,1947,9,26
"AR5",1949,1949,9,1
"AR5",1950,1950,11,2
"AR5",1951,1951,8,23
"AR5",1952,1952,9,12
"AR5",1953,1953,9,21
"AR5",1954,1954,12,2
"AR5",1955,1955,9,21
"AR5",1956,1956,8,17
"AR5",1957,1957,8,13
"AR5",1958,1958,9,30
"AR5",1959,1959,8,13
"AR5",1960,1960,8,31
"AR5",1965,1965,10,18
"AR5",1968,1968,8,13
"AR5",1971,1971,7,30
"AR5",1972,1972,8,14
"AR5",1973,1973,8,17
"AR5",1974,1974,6,28
"AR5",1975,1975,8,5
"AR5",1976,1976,7,28
"AR5",1977,1977,7,21
"AR5",1995,1995,10,18
"AR5",2001,2001,10,25
"AR5",2006,2006,11,7
"AR5",2011,2011,12,1
"AR5",2016,2016,11,10
"AR6",1926,1926,9,16
"AR6",1927,1927,9,1
"AR6",1928,1928,9,19
"AR6",1929,1929,9,11
"AR6",1930,1930,9,1
"AR6",1931,1931,9,28
"AR6",1932,1932,10,2
"AR6",1933,1933,10,20
"AR6",1934,1934,11,1
"AR6",1935,1935,10,10
"AR6",1936,1936,10,26
"AR6",1937,1937,10,19
"AR6",1938,1938,9,23
"AR6",1939,1940,1,8
"AR6",1940,1941,2,13
"AR6",1941,1942,1,9
"AR6",1942,1942,10,9
"AR6",1943,1943,11,17
"AR6",1944,1945,3,12
"AR6",1945,1945,9,26
"AR6",1946,1946,12,17
"AR6",1947,1947,9,26
"AR6",1949,1949,9,1
"AR6",1950,1950,11,2
"AR6",1951,1951,8,23
"AR6",1952,1952,9,12
"AR6",1953,1953,9,21
"AR6",1954,1954,12,2
"AR6",1955,1955,9,21
"AR6",1956,1956,8,17
"AR6",1957,1957,8,13
"AR6",1958,1958,9,30
"AR6",1961,1961,8,31
"AR6",1965,1965,10,18
"AR6",1968,1968,8,13
"AR6",1971,1971,7,30
"AR6",1972,1972,8,14
"AR6",1973,1973,8,17
"AR6",1975,1975,8,5
"AR6",1976,1976,7,28
"AR6",1977,1977,7,21
"AR6",1995,1995,10,18
"AR6",2006,2007,3,1
"AR6",2011,2011,12,1
"AR6",2016,2016,11,10
"B1",1915,1915,10,13
"B1",1916,1916,9,7
"B1",1917,1917,6,21
"B1",1918,1918,9,17
"B1",1919,1919,10,16
"B1",1920,1920,10,14
"B1",1921,1921,10,17
"B1",1922,1922,10,17
"B1",1923,1923,10,5
"B1",1924,1924,10,28
"B1",1925,1925,10,22
"B1",1926,1926,9,17
"B1",1927,1927,9,5
"B1",1928,1928,9,20
"B1",1929,1929,11,15
"B1",1930,1930,8,28
"B1",1931,1931,10,5
"B1",1932,1932,11,9
"B1",1933,1933,10,18
"B1",1934,1934,10,26
"B1",1935,1935,10,10
"B1",1936,1936,10,21
"B1",1937,1937,10,19
"B1",1938,1938,9,16
"B1",1939,1940,1,8
"B1",1940,1941,2,13
"B1",1941,1942,1,9
"B1",1942,1942,10,29
"B1",1943,1944,2,11
"B1",1944,1944,9,22
"B1",1945,1946,2,20
"B1",1946,1946,9,24
"B1",1947,1948,4,13
"B1",1949,1949,9,1
"B1",1950,1950,11,3
"B1",1951,1951,8,21
"B1",1952,1952,9,17
"B1",1956,1956,8,17
"B1",1957,1957,8,14
"B1",1958,1958,9,24
"B1",1959,1959,8,13
"B1",1960,1960,8,18
"B1",1961,1961,9,12
"B1",1965,1965,9,22
"B1",1966,1966,10,12
"B1",1968,1968,8,14
"B1",1969,1969,9,9
"B1",1970,1970,8,17
"B1",1971,1971,8,6
"B1",1972,1972,8,8
"B1",1973,1973,8,7
"B1",1974,1974,6,18
"B1",1975,1975,8,6
"B1",1976,1976,7,27
"B1",1977,1977,7,14
"B1",1995,1995,10,5
"B1",2001,2001,10,29
"B1",2006,2006,11,9
"B1",2011,2011,9,26
"B1",2016,2016,10,14
"B2",1915,1915,10,3
"B2",1916,1916,9,8
"B2",1917,1917,6,21
"B2",1918,1918,9,17
"B2",1919,1919,10,16
"B2",1920,1920,10,14
"B2",1921,1921,10,18
"B2",1922,1922,10,17
"B2",1923,1923,10,23
"B2",1924,1924,10,28
"B2",1925,1925,10,22
"B2",1926,1926,9,17
"B2",1927,1927,9,5
"B2",1928,1928,9,20
"B2",1929,1929,11,15
"B2",1930,1930,8,28
"B2",1931,1931,10,5
"B2",1932,1932,11,9
"B2",1933,1933,10,18
"B2",1934,1934,10,26
"B2",1935,1935,10,10
"B2",1936,1936,10,21
"B2",1937,1937,10,19
"B2",1938,1938,9,16
"B2",1939,1940,1,8
"B2",1940,1941,2,13
"B2",1941,1942,1,9
"B2",1942,1942,10,29
"B2",1943,1944,2,11
"B2",1944,1944,9,22
"B2",1945,1946,2,20
"B2",1946,1946,9,24
"B2",1947,1948,4,13
"B2",1949,1949,9,1
"B2",1950,1950,11,3
"B2",1951,1951,8,21
"B2",1952,1952,9,17
"B2",1956,1956,8,17
"B2",1957,1957,8,14
"B2",1958,1958,9,25
"B2",1959,1959,8,13
"B2",1960,1960,8,22
"B2",1961,1961,9,12
"B2",1965,1965,9,22
"B2",1966,1966,10,12
"B2",1968,1968,8,14
"B2",1969,1969,9,9
"B2",1970,1970,8,17
"B2",1971,1971,8,6
"B2",1972,1972,8,8
"B2",1973,1973,8,7
"B2",1974,1974,6,18
"B2",1975,1975,8,6
"B2",1976,1976,7,27
"B2",1977,1977,7,14
"B2",1995,1995,10,5
"B2",2001,2001,10,29
"B2",2006,2006,11,9
"B2",2011,2011,9,26
"B2",2016,2016,10,14
"B2A",1924,1924,10,27
"B2A",1925,1925,10,22
"B2A",1926,1926,9,17
"B2A",1927,1927,9,5
"B2A",1928,1928,9,20
"B2A",1929,1929,11,14
"B2A",1930,1930,8,28
"B2A",1931,1931,10,5
"B2A",1932,1932,11,9
"B2A",1933,1933,10,18
"B2A",1934,1934,10,26
"B2A",1935,1935,10,11
"B2A",1936,1936,10,22
"B2A",1937,1937,10,19
"B2A",1938,1938,9,16
"B2A",1939,1940,1,9
"B2A",1940,1941,2,13
"B2A",1941,1942,1,9
"B2A",1942,1942,10,29
"B2A",1943,1944,2,11
"B2A",1944,1944,9,9
"B2A",1945,1946,2,20
"B2A",1946,1946,9,24
"B2A",1947,1948,4,13
"B2A",1949,1949,9,1
"B2A",1950,1950,11,3
"B2A",1951,1951,8,21
"B2A",1952,1952,9,17
"B2A",1953,1953,9,16
"B2A",1955,1955,9,20
"B2A",1956,1956,8,17
"B2A",1957,1957,8,14
"B2A",1958,1958,9,24
"B2A",1959,1959,8,13
"B2A",1960,1960,8,22
"B2A",1961,1961,9,12
"B2A",1966,1966,10,17
"B2A",1970,1970,8,17
"B2A",1971,1971,8,6
"B2A",1972,1972,8,8
"B2A",1973,1973,8,7
"B2A",1974,1974,6,18
"B2A",1975,1975,8,6
"B2A",1977,1977,7,14
"B2A",1979,1980,1,8
"B2A",1995,1995,10,3
"B2A",2001,2001,10,29
"B2A",2006,2006,11,9
"B2A",2011,2011,9,26
"B2A",2016,2016,10,14
"B3",1915,1915,10,3
"B3",1916,1916,9,7
"B3",1917,1917,6,21
"B3",1918,1918,9,17
"B3",1919,1919,10,16
"B3",1920,1920,10,14
"B3",1921,1921,10,18
"B3",1922,1922,10,17
"B3",1923,1923,10,23
"B3",1924,1924,10,28
"B3",1925,1925,10,22
"B3",1926,1926,9,17
"B3",1927,1927,9,5
"B3",1928,1928,9,20
"B3",1929,1929,11,15
"B3",1930,1930,8,28
"B3",1931,1931,10,5
"B3",1932,1932,11,9
"B3",1933,1933,10,18
"B3",1934,1934,10,26
"B3",1935,1935,10,10
"B3",1936,1936,10,21
"B3",1937,1937,10,19
"B3",1938,1938,9,17
"B3",1939,1940,1,9
"B3",1940,1941,2,13
"B3",1941,1942,1,9
"B3",1942,1942,10,29
"B3",1943,1944,2,11
"B3",1944,1944,9,22
"B3",1945,1946,2,20
"B3",1946,1946,9,24
"B3",1947,1948,4,13
"B3",1949,1949,9,1
"B3",1950,1950,11,3
"B3",1951,1951,8,21
"B3",1952,1952,9,17
"B3",1956,1956,8,17
"B3",1957,1957,8,14
"B3",1958,1958,9,24
"B3",1959,1959,8,13
"B3",1960,1960,8,22
"B3",1961,1961,9,12
"B3",1965,1965,9,22
"B3",1966,1966,10,12
"B3",1968,1968,8,14
"B3",1969,1969,9,9
"B3",1970,1970,8,17
"B3",1971,1971,8,6
"B3",1972,1972,8,8
"B3",1973,1973,8,7
"B3",1974,1974,6,18
"B3",1975,1975,8,6
"B3",1976,1976,7,27
"B3",1977,1977,7,14
"B3",1995,1995,10,5
"B3",2001,2001,10,29
"B3",2006,2006,11,20
"B3",2011,2011,9,29
"B3",2016,2016,10,14
"B4",1915,1915,10,3
"B4",1916,1916,9,8
"B4",1917,1917,6,22
"B4",1918,1918,9,17
"B4",1919,1919,10,16
"B4",1920,1920,10,14
"B4",1921,1921,10,20
"B4",1922,1922,10,17
"B4",1923,1923,10,23
"B4",1924,1924,10,28
"B4",1925,1925,10,22
"B4",1926,1926,9,17
"B4",1927,1927,9,5
"B4",1928,1928,9,20
"B4",1929,1929,11,15
"B4",1930,1930,8,28
"B4",1931,1931,10,5
"B4",1932,1932,11,9
"B4",1933,1933,10,19
"B4",1934,1934,10,26
"B4",1935,1935,10,10
"B4",1936,1936,10,21
"B4",1937,1937,10,19
"B4",1938,1938,9,17
"B4",1939,1940,1,9
"B4",1940,1941,2,13
"B4",1941,1942,1,9
"B4",1942,1942,10,29
"B4",1943,1944,2,11
"B4",1944,1944,9,22
"B4",1945,1946,2,20
"B4",1946,1946,9,24
"B4",1947,1948,4,13
"B4",1949,1949,9,1
"B4",1950,1950,11,3
"B4",1951,1951,8,21
"B4",1952,1952,9,17
"B4",1956,1956,8,17
"B4",1958,1958,9,25
"B4",1959,1959,8,13
"B4",1960,1960,8,22
"B4",1961,1961,9,12
"B4",1965,1965,9,22
"B4",1966,1966,10,12
"B4",1968,1968,8,14
"B4",1969,1969,9,9
"B4",1970,1970,8,17
"B4",1972,1972,8,8
"B4",1974,1974,6,26
"B4",1976,1976,7,27
"B4",1977,1977,7,15
"B4",1995,1995,10,5
"B4",2001,2001,10,29
"B4",2006,2006,11,20
"B4",2011,2011,9,29
"B4",2016,2016,10,14
"B5",1915,1915,10,3
"B5",1916,1916,9,8
"B5",1917,1917,6,22
"B5",1918,1918,9,17
"B5",1919,1919,10,19
"B5",1920,1920,10,14
"B5",1921,1921,10,20
"B5",1922,1922,10,17
"B5",1923,1923,10,24
"B5",1924,1924,10,28
"B5",1925,1925,10,22
"B5",1926,1926,9,17
"B5",1927,1927,9,5
"B5",1928,1928,9,20
"B5",1929,1929,11,15
"B5",1930,1930,8,28
"B5",1931,1931,10,5
"B5",1932,1932,11,9
"B5",1933,1933,10,19
"B5",1934,1934,10,26
"B5",1935,1935,10,10
"B5",1936,1936,10,21
"B5",1937,1937,10,19
"B5",1938,1938,9,17
"B5",1939,1940,1,9
"B5",1940,1941,2,13
"B5",1941,1942,1,9
"B5",1942,1942,10,29
"B5",1943,1944,2,11
"B5",1944,1944,9,22
"B5",1945,1946,2,20
"B5",1946,1946,9,24
"B5",1947,1948,4,13
"B5",1949,1949,9,1
"B5",1950,1950,11,3
"B5",1951,1951,8,21
"B5",1952,1952,9,17
"B5",1957,1957,8,14
"B5",1958,1958,9,24
"B5",1959,1959,8,13
"B5",1961,1961,9,12
"B5",1965,1965,9,22
"B5",1966,1966,10,12
"B5",1968,1968,8,14
"B5",1969,1969,9,9
"B5",1970,1970,8,17
"B5",1971,1971,8,6
"B5",1972,1972,8,8
"B5",1974,1974,6,26
"B5",1976,1976,7,27
"B5",1977,1977,7,15
"B5",1995,1995,10,5
"B5",2001,2001,10,29
"B5",2006,2006,11,20
"B5",2011,2011,9,29
"B5",2016,2016,10,14
"G1",1915,1915,9,16
"G1",1916,1916,9,14
"G1",1917,1917,10,10
"G1",1918,1918,9,24
"G1",1919,1919,9,25
"G1",1920,1920,11,2
"G1",1921,1921,10,19
"G1",1922,1922,10,13
"G1",1923,1923,10,11
"G1",1924,1924,10,24
"G1",1925,1925,10,14
"G1",1926,1926,9,23
"G1",1927,1927,9,2
"G1",1928,1928,9,29
"G1",1929,1929,8,28
"G1",1930,1930,9,9
"G1",1931,1931,9,23
"G1",1932,1932,10,12
"G1",1933,1933,10,20
"G1",1934,1934,10,25
"G1",1935,1935,10,8
"G1",1936,1936,10,27
"G1",1937,1937,10,14
"G1",1938,1938,9,8
"G1",1939,1939,12,5
"G1",1940,1940,12,14
"G1",1941,1942,1,8
"G1",1942,1942,10,7
"G1",1943,1943,10,27
"G1",1944,1944,9,8
"G1",1945,1945,9,13
"G1",1946,1946,9,24
"G1",1947,1947,9,26
"G1",1949,1949,8,22
"G1",1950,1950,8,28
"G1",1951,1951,8,21
"G1",1952,1952,9,18
"G1",1953,1953,10,8
"G1",1954,1954,11,25
"G1",1955,1955,9,16
"G1",1956,1956,8,10
"G1",1957,1957,8,5
"G1",1958,1958,9,25
"G1",1959,1959,9,17
"G1",1960,1960,8,19
"G1",1965,1965,8,25
"G1",1968,1968,8,19
"G1",1969,1969,8,25
"G1",1970,1970,8,19
"G1",1972,1972,8,15
"G1",1973,1973,8,3
"G1",1974,1974,6,19
"G1",1975,1975,8,4
"G1",1976,1976,7,29
"G1",1977,1977,8,8
"G1",1995,1995,10,17
"G1",2001,2001,10,10
"G1",2006,2006,11,30
"G1",2011,2011,11,1
"G1",2016,2016,9,15
"G2",1915,1915,9,16
"G2",1916,1916,9,15
"G2",1917,1917,10,10
"G2",1918,1918,9,24
"G2",1919,1919,10,1
"G2",1920,1920,11,2
"G2",1921,1921,10,19
"G2",1922,1922,10,13
"G2",1923,1923,10,12
"G2",1924,1924,10,24
"G2",1925,1925,10,19
"G2",1926,1926,9,23
"G2",1927,1927,9,2
"G2",1928,1928,9,29
"G2",1929,1929,8,28
"G2",1930,1930,9,9
"G2",1931,1931,9,23
"G2",1932,1932,10,12
"G2",1933,1933,10,20
"G2",1934,1934,10,25
"G2",1935,1935,10,8
"G2",1936,1936,10,27
"G2",1937,1937,10,14
"G2",1938,1938,9,8
"G2",1939,1939,12,7
"G2",1940,1940,12,14
"G2",1941,1942,1,8
"G2",1942,1942,10,7
"G2",1943,1943,10,27
"G2",1944,1944,9,8
"G2",1945,1945,9,13
"G2",1946,1946,9,24
"G2",1947,1947,9,26
"G2",1948,1949,3,22
"G2",1949,1949,8,22
"G2",1950,1950,8,28
"G2",1951,1951,8,21
"G2",1952,1952,9,18
"G2",1956,1956,8,10
"G2",1957,1957,8,5
"G2",1958,1958,9,25
"G2",1959,1959,9,17
"G2",1960,1960,8,19
"G2",1965,1965,8,25
"G2",1968,1968,8,19
"G2",1969,1969,8,25
"G2",1970,1970,8,19
"G2",1971,1971,8,16
"G2",1972,1972,8,15
"G2",1973,1973,8,3
"G2",1975,1975,8,4
"G2",1976,1976,7,29
"G2",1977,1977,8,10
"G2",1995,1995,10,17
"G2",2001,2001,10,11
"G2",2006,2006,11,30
"G2",2011,2011,11,1
"G2",2016,2016,9,15
"G3",1915,1915,9,29
"G3",1916,1916,9,18
"G3",1917,1917,10,10
"G3",1918,1918,9,24
"G3",1919,1919,10,1
"G3",1920,1920,11,23
"G3",1921,1921,10,19
"G3",1922,1922,10,13
"G3",1923,1923,10,12
"G3",1924,1924,11,5
"G3",1925,1925,11,5
"G3",1926,1926,9,23
"G3",1927,1927,9,2
"G3",1928,1928,9,29
"G3",1929,1929,8,28
"G3",1930,1930,9,9
"G3",1931,1931,9,23
"G3",1932,1932,10,12
"G3",1933,1933,10,20
"G3",1934,1934,10,25
"G3",1935,1935,10,8
"G3",1936,1936,10,27
"G3",1937,1937,10,14
"G3",1938,1938,9,8
"G3",1939,1939,12,7
"G3",1940,1940,12,14
"G3",1941,1942,1,8
"G3",1942,1942,10,8
"G3",1943,1943,10,27
"G3",1944,1944,9,8
"G3",1945,1945,9,13
"G3",1946,1946,9,24
"G3",1947,1947,9,26
"G3",1948,1949,3,22
"G3",1949,1949,8,22
"G3",1950,1950,8,28
"G3",1951,1951,8,21
"G3",1952,1952,9,18
"G3",1956,1956,8,10
"G3",1957,1957,8,5
"G3",1958,1958,9,25
"G3",1959,1959,9,17
"G3",1960,1960,8,19
"G3",1965,1965,8,25
"G3",1968,1968,8,19
"G3",1972,1972,8,15
"G3",1973,1973,8,3
"G3",1974,1974,7,1
"G3",1975,1975,8,4
"G3",1976,1976,7,29
"G3",1995,1995,10,17
"G3",2001,2001,10,12
"G3",2006,2006,11,27
"G3",2011,2011,11,1
"G3",2016,2016,9,15
"G4",1915,1915,9,29
"G4",1916,1916,9,18
"G4",1917,1917,6,20
"G4",1918,1918,9,24
"G4",1919,1919,10,1
"G4",1920,1920,11,23
"G4",1921,1921,10,19
"G4",1922,1922,10,13
"G4",1923,1923,10,12
"G4",1924,1924,11,5
"G4",1925,1925,11,5
"G4",1926,1926,9,23
"G4",1927,1927,9,2
"G4",1928,1928,9,29
"G4",1929,1929,8,28
"G4",1930,1930,9,9
"G4",1931,1931,9,23
"G4",1932,1932,10,12
"G4",1933,1933,10,20
"G4",1934,1934,10,25
"G4",1935,1935,10,8
"G4",1936,1936,10,27
"G4",1937,1937,10,15
"G4",1938,1938,9,8
"G4",1939,1939,12,7
"G4",1940,1940,12,17
"G4",1941,1942,1,8
"G4",1942,1942,10,8
"G4",1943,1943,10,27
"G4",1944,1944,9,8
"G4",1945,1945,9,13
"G4",1946,1946,9,24
"G4",1947,1947,9,26
"G4",1948,1949,3,22
"G4",1949,1949,8,24
"G4",1950,1950,8,28
"G4",1951,1951,8,21
"G4",1952,1952,9,18
"G4",1956,1956,8,10
"G4",1957,1957,8,5
"G4",1958,1958,9,25
"G4",1959,1959,9,17
"G4",1960,1960,8,22
"G4",1965,1965,8,25
"G4",1968,1968,8,19
"G4",1969,1969,8,26
"G4",1971,1971,8,16
"G4",1972,1972,8,15
"G4",1973,1973,8,3
"G4",1975,1975,8,4
"G4",1976,1976,7,29
"G4",1977,1977,8,11
"G4",1995,1995,10,17
"G4",2001,2001,10,12
"G4",2006,2006,11,27
"G4",2011,2011,11,1
"G4",2016,2016,9,15
"G5",1915,1915,9,29
"G5",1916,1916,9,18
"G5",1917,1917,6,11
"G5",1918,1918,9,24
"G5",1919,1919,10,1
"G5",1920,1920,11,23
"G5",1921,1921,10,19
"G5",1922,1922,10,24
"G5",1923,1923,10,12
"G5",1924,1924,11,5
"G5",1925,1925,11,5
"G5",1926,1926,9,23
"G5",1927,1927,9,2
"G5",1928,1928,9,29
"G5",1929,1929,8,28
"G5",1930,1930,9,9
"G5",1931,1931,9,23
"G5",1932,1932,10,12
"G5",1933,1933,10,20
"G5",1934,1934,10,25
"G5",1935,1935,10,8
"G5",1936,1936,10,27
"G5",1937,1937,10,15
"G5",1938,1938,9,8
"G5",1939,1939,12,7
"G5",1940,1940,12,17
"G5",1941,1942,1,8
"G5",1942,1942,10,8
"G5",1943,1943,10,27
"G5",1944,1944,9,8
"G5",1945,1945,9,13
"G5",1946,1946,9,24
"G5",1947,1947,9,26
"G5",1948,1949,3,22
"G5",1949,1949,8,24
"G5",1950,1950,8,28
"G5",1951,1951,8,21
"G5",1952,1952,9,18
"G5",1956,1956,8,10
"G5",1957,1957,8,5
"G5",1958,1958,9,25
"G5",1959,1959,9,17
"G5",1960,1960,8,22
"G5",1965,1965,8,25
"G5",1968,1968,8,19
"G5",1969,1969,8,26
"G5",1971,1971,8,16
"G5",1973,1973,8,3
"G5",1974,1974,7,1
"G5",1975,1975,8,4
"G5",1976,1976,7,30
"G5",1977,1977,8,10
"G5",1995,1995,10,17
"G5",2001,2001,10,12
"G5",2006,2006,11,27
"G5",2011,2011,11,15
"G5",2016,2016,9,15
"G6",1927,1927,9,2
"G6",1928,1928,9,29
"G6",1929,1929,8,28
"G6",1930,1930,9,9
"G6",1931,1931,9,23
"G6",1932,1932,10,12
"G6",1933,1933,10,20
"G6",1934,1934,10,25
"G6",1935,1935,10,8
"G6",1936,1936,10,27
"G6",1937,1937,10,14
"G6",1938,1938,9,8
"G6",1939,1939,12,7
"G6",1940,1940,12,14
"G6",1941,1942,1,8
"G6",1942,1942,10,8
"G6",1943,1943,10,27
"G6",1944,1944,9,8
"G6",1945,1945,9,13
"G6",1946,1946,9,24
"G6",1947,1947,9,26
"G6",1948,1949,3,22
"G6",1949,1949,8,22
"G6",1950,1950,8,28
"G6",1951,1951,8,21
"G6",1952,1952,9,18
"G6",1953,1953,10,8
"G6",1954,1954,11,24
"G6",1955,1955,9,15
"G6",1956,1956,8,10
"G6",1957,1957,8,5
"G6",1958,1958,9,25
"G6",1960,1960,8,22
"G6",1965,1965,8,25
"G6",1968,1968,8,19
"G6",1969,1969,8,26
"G6",1971,1971,8,16
"G6",1972,1972,8,15
"G6",1973,1973,8,3
"G6",1975,1975,8,4
"G6",1976,1976,7,29
"G6",1977,1977,8,11
"G6",1995,1995,10,17
"G6",2001,2001,10,12
"G6",2006,2006,11,27
"G6",2011,2011,11,1
"G6",2016,2016,9,15
"H1",1915,1915,9,11
"H1",1916,1916,9,19
"H1",1917,1917,9,16
"H1",1918,1919,4,11
"H1",1919,1919,10,20
"H1",1920,1920,10,29
"H1",1921,1921,10,17
"H1",1922,1922,10,27
"H1",1923,1924,1,24
"H1",1927,1927,6,4
"H1",1928,1928,8,15
"H1",1929,1929,10,5
"H1",1930,1930,9,10
"H1",1931,1931,9,18
"H1",1932,1932,10,16
"H1",1933,1933,10,19
"H1",1934,1934,10,4
"H1",1935,1935,10,15
"H1",1936,1936,10,15
"H1",1937,1937,10,19
"H1",1938,1938,9,19
"H1",1939,1940,1,8
"H1",1940,1941,2,11
"H1",1941,1942,1,16
"H1",1942,1943,4,9
"H1",1943,1943,11,16
"H1",1944,1944,9,9
"H1",1945,1945,9,12
"H1",1946,1946,11,22
"H1",1947,1948,1,9
"H1",1949,1949,8,31
"H1",1950,1950,11,3
"H1",1951,1951,8,23
"H1",1952,1952,9,18
"H1",1956,1956,8,17
"H1",1957,1957,8,14
"H1",1958,1958,9,24
"H1",1959,1959,8,13
"H1",1960,1960,8,22
"H1",1961,1961,9,13
"H1",1962,1962,8,23
"H1",1965,1965,8,24
"H1",1966,1966,10,14
"H1",1967,1967,9,26
"H1",1968,1968,8,14
"H1",1969,1969,9,9
"H1",1970,1970,8,13
"H1",1971,1971,7,28
"H1",1972,1972,8,8
"H1",1973,1973,8,7
"H1",1974,1974,6,14
"H1",1975,1975,8,6
"H1",1976,1976,7,27
"H1",1977,1977,7,14
"H1",1979,1980,1,8
"H1",1995,1995,10,16
"H1",2001,2001,11,8
"H1",2006,2006,11,20
"H1",2011,2011,10,11
"H1",2016,2016,9,20
"H2",1915,1915,9,13
"H2",1916,1916,9,19
"H2",1917,1917,6,21
"H2",1918,1919,4,11
"H2",1919,1919,10,20
"H2",1920,1920,10,29
"H2",1921,1921,10,17
"H2",1922,1922,10,27
"H2",1923,1924,1,24
"H2",1927,1927,6,4
"H2",1928,1928,8,15
"H2",1929,1929,10,5
"H2",1930,1930,9,10
"H2",1931,1931,9,18
"H2",1932,1932,10,16
"H2",1933,1933,10,19
"H2",1934,1934,10,4
"H2",1935,1935,10,15
"H2",1936,1936,10,15
"H2",1937,1937,10,19
"H2",1938,1938,9,19
"H2",1939,1940,1,8
"H2",1940,1941,2,11
"H2",1941,1942,1,16
"H2",1942,1943,4,9
"H2",1943,1943,11,16
"H2",1944,1944,9,9
"H2",1945,1945,9,12
"H2",1946,1946,11,22
"H2",1947,1948,1,9
"H2",1949,1949,8,31
"H2",1950,1950,11,3
"H2",1951,1951,8,23
"H2",1952,1952,9,18
"H2",1956,1956,8,17
"H2",1957,1957,8,14
"H2",1958,1958,9,24
"H2",1959,1959,9,13
"H2",1960,1960,8,22
"H2",1961,1961,9,13
"H2",1962,1962,8,30
"H2",1965,1965,8,24
"H2",1966,1966,10,14
"H2",1967,1967,9,26
"H2",1968,1968,8,14
"H2",1969,1969,9,9
"H2",1970,1970,8,13
"H2",1971,1971,7,28
"H2",1972,1972,8,8
"H2",1973,1973,8,7
"H2",1974,1974,6,14
"H2",1975,1975,8,6
"H2",1976,1976,7,27
"H2",1977,1977,7,14
"H2",1979,1980,1,8
"H2",1995,1995,10,16
"H2",2001,2001,11,8
"H2",2006,2006,11,20
"H2",2011,2011,10,11
"H2",2016,2016,9,20
"H3",1915,1915,9,14
"H3",1916,1916,9,19
"H3",1917,1917,9,19
"H3",1918,1919,4,11
"H3",1919,1919,10,20
"H3",1920,1920,10,29
"H3",1921,1921,10,17
"H3",1922,1922,10,27
"H3",1927,1927,6,4
"H3",1928,1928,8,15
"H3",1929,1929,10,5
"H3",1930,1930,9,10
"H3",1931,1931,8,18
"H3",1932,1932,10,16
"H3",1933,1933,10,19
"H3",1934,1934,10,4
"H3",1935,1935,10,15
"H3",1936,1936,10,15
"H3",1937,1937,10,19
"H3",1938,1938,9,19
"H3",1939,1940,1,8
"H3",1940,1941,2,11
"H3",1941,1942,1,16
"H3",1942,1943,4,9
"H3",1943,1943,11,16
"H3",1944,1944,9,9
"H3",1945,1945,9,12
"H3",1946,1946,11,22
"H3",1947,1948,1,9
"H3",1949,1949,8,31
"H3",1950,1950,11,3
"H3",1951,1951,8,21
"H3",1952,1952,9,18
"H3",1956,1956,8,17
"H3",1957,1957,8,14
"H3",1958,1958,9,24
"H3",1959,1959,8,13
"H3",1960,1960,8,18
"H3",1961,1961,9,13
"H3",1962,1962,8,30
"H3",1966,1966,10,14
"H3",1967,1967,9,26
"H3",1969,1969,9,9
"H3",1970,1970,8,13
"H3",1971,1971,7,28
"H3",1972,1972,8,8
"H3",1973,1973,8,7
"H3",1974,1974,6,14
"H3",1975,1975,8,6
"H3",1976,1976,7,27
"H3",1977,1977,7,14
"H3",1979,1980,1,7
"H3",1995,1995,10,16
"H3",2001,2001,11,8
"H3",2006,2006,11,20
"H3",2011,2011,10,11
"H3",2016,2016,9,20
"I1",1915,1915,10,4
"I1",1916,1916,9,11
"I1",1917,1917,10,12
"I1",1918,1919,4,3
"I1",1919,1919,9,19
"I1",1920,1920,10,7
"I1",1921,1921,10,8
"I1",1922,1922,9,26
"I1",1923,1923,10,18
"I1",1924,1924,11,6
"I1",1925,1925,10,26
"I1",1926,1926,9,18
"I1",1927,1927,8,27
"I1",1928,1928,11,8
"I1",1929,1929,9,28
"I1",1930,1930,9,12
"I1",1931,1931,9,21
"I1",1932,1932,11,11
"I1",1933,1933,10,24
"I1",1934,1934,9,28
"I1",1935,1935,10,15
"I1",1936,1936,10,13
"I1",1937,1937,10,20
"I1",1938,1938,9,9
"I1",1939,1939,12,12
"I1",1940,1941,2,10
"I1",1941,1942,1,23
"I1",1942,1942,10,7
"I1",1943,1943,10,26
"I1",1944,1944,9,8
"I1",1945,1945,9,13
"I1",1946,1946,11,22
"I1",1947,1947,10,1
"I1",1948,1949,3,1
"I1",1949,1949,8,22
"I1",1950,1950,8,23
"I1",1951,1951,8,23
"I1",1952,1952,9,15
"I1",1953,1953,9,25
"I1",1954,1954,11,23
"I1",1955,1955,9,29
"I1",1956,1956,8,10
"I1",1957,1957,8,2
"I1",1958,1958,9,24
"I1",1959,1959,8,18
"I1",1960,1960,8,15
"I1",1961,1961,8,23
"I1",1962,1962,8,28
"I1",1965,1965,8,24
"I1",1966,1966,9,26
"I1",1967,1967,9,18
"I1",1968,1968,8,14
"I1",1969,1969,9,11
"I1",1970,1970,8,11
"I1",1971,1971,7,27
"I1",1972,1972,7,31
"I1",1973,1973,8,15
"I1",1975,1975,8,4
"I1",1976,1976,7,26
"I1",1977,1977,7,5
"I1",1978,1978,8,4
"I1",1979,1979,12,31
"I1",1995,1995,10,5
"I1",2001,2001,10,9
"I1",2006,2006,10,23
"I1",2011,2011,9,19
"I1",2016,2016,9,9
"I2",1915,1915,10,4
"I2",1916,1916,9,11
"I2",1917,1917,10,12
"I2",1918,1919,4,3
"I2",1919,1919,5,28
"I2",1920,1921,3,25
"I2",1921,1921,10,7
"I2",1922,1922,10,11
"I2",1923,1923,10,18
"I2",1924,1924,11,6
"I2",1925,1925,10,26
"I2",1926,1926,9,18
"I2",1927,1927,8,27
"I2",1928,1928,11,8
"I2",1929,1929,9,28
"I2",1930,1930,9,12
"I2",1931,1931,9,21
"I2",1932,1932,11,12
"I2",1933,1933,10,24
"I2",1934,1934,9,28
"I2",1935,1935,10,15
"I2",1936,1936,10,13
"I2",1937,1937,10,20
"I2",1938,1938,9,9
"I2",1939,1939,12,13
"I2",1940,1941,2,10
"I2",1941,1942,1,23
"I2",1942,1942,10,7
"I2",1943,1943,10,26
"I2",1944,1944,9,8
"I2",1945,1945,9,13
"I2",1946,1946,11,22
"I2",1947,1947,10,1
"I2",1948,1949,3,1
"I2",1949,1949,8,22
"I2",1950,1950,8,23
"I2",1951,1951,8,23
"I2",1952,1952,9,15
"I2",1956,1956,8,10
"I2",1957,1957,8,2
"I2",1958,1958,9,24
"I2",1959,1959,8,17
"I2",1960,1960,8,15
"I2",1961,1961,8,23
"I2",1962,1962,8,28
"I2",1965,1965,8,24
"I2",1966,1966,9,26
"I2",1967,1967,9,18
"I2",1968,1968,8,21
"I2",1969,1969,9,11
"I2",1970,1970,8,13
"I2",1971,1971,7,28
"I2",1972,1972,7,31
"I2",1973,1973,8,15
"I2",1974,1974,6,17
"I2",1975,1975,8,4
"I2",1976,1976,7,26
"I2",1977,1977,7,5
"I2",1978,1978,8,4
"I2",1979,1979,12,31
"I2",1995,1995,10,5
"I2",2001,2001,10,9
"I2",2006,2006,10,25
"I2",2011,2011,9,28
"I2",2016,2016,9,9
"I3",1915,1915,10,4
"I3",1916,1916,9,12
"I3",1918,1918,10,25
"I3",1919,1919,9,23
"I3",1920,1920,10,8
"I3",1921,1921,10,11
"I3",1922,1922,10,11
"I3",1923,1923,11,3
"I3",1924,1924,11,6
"I3",1925,1925,10,27
"I3",1926,1926,9,18
"I3",1927,1927,8,27
"I3",1928,1928,11,8
"I3",1929,1929,9,28
"I3",1930,1930,9,12
"I3",1931,1931,9,21
"I3",1932,1932,11,11
"I3",1933,1933,10,24
"I3",1934,1934,9,28
"I3",1935,1935,10,15
"I3",1936,1936,10,13
"I3",1937,1937,10,20
"I3",1938,1938,9,9
"I3",1939,1939,12,13
"I3",1940,1941,2,10
"I3",1941,1942,1,23
"I3",1942,1942,10,7
"I3",1943,1943,10,26
"I3",1944,1944,9,8
"I3",1945,1945,9,13
"I3",1946,1946,11,22
"I3",1947,1947,10,1
"I3",1948,1949,3,1
"I3",1949,1949,8,22
"I3",1950,1950,8,23
"I3",1951,1951,8,23
"I3",1952,1952,9,12
"I3",1953,1953,9,25
"I3",1954,1954,11,23
"I3",1955,1955,9,29
"I3",1956,1956,8,10
"I3",1957,1957,8,2
"I3",1958,1958,9,24
"I3",1960,1960,8,15
"I3",1961,1961,8,23
"I3",1962,1962,8,24
"I3",1965,1965,8,24
"I3",1966,1966,9,26
"I3",1967,1967,9,18
"I3",1968,1968,8,8
"I3",1969,1969,9,11
"I3",1970,1970,8,13
"I3",1971,1971,7,27
"I3",1972,1972,7,31
"I3",1973,1973,8,15
"I3",1974,1974,6,17
"I3",1975,1975,8,4
"I3",1976,1976,7,26
"I3",1977,1977,7,5
"I3",1978,1978,8,8
"I3",1979,1979,12,31
"I3",1995,1995,10,3
"I3",2001,2001,10,9
"I3",2006,2006,10,25
"I3",2011,2011,9,19
"I3",2016,2016,9,9
"I4",1915,1915,10,5
"I4",1916,1916,9,12
"I4",1917,1917,6,20
"I4",1918,1919,4,4
"I4",1919,1919,9,23
"I4",1920,1920,10,8
"I4",1921,1921,10,11
"I4",1922,1922,10,11
"I4",1923,1923,10,18
"I4",1924,1924,11,7
"I4",1925,1925,10,27
"I4",1926,1926,9,18
"I4",1927,1927,8,27
"I4",1928,1928,11,8
"I4",1929,1929,9,28
"I4",1930,1930,9,12
"I4",1931,1931,9,21
"I4",1932,1932,11,11
"I4",1933,1933,10,24
"I4",1934,1934,9,28
"I4",1935,1935,10,15
"I4",1936,1936,10,13
"I4",1937,1937,10,20
"I4",1938,1938,9,9
"I4",1939,1939,12,13
"I4",1940,1941,2,10
"I4",1941,1942,1,23
"I4",1942,1942,10,7
"I4",1943,1943,10,26
"I4",1944,1944,9,8
"I4",1945,1945,9,13
"I4",1946,1946,11,22
"I4",1947,1947,10,1
"I4",1948,1949,3,1
"I4",1949,1949,8,24
"I4",1950,1950,8,23
"I4",1951,1951,8,23
"I4",1952,1952,9,12
"I4",1956,1956,8,10
"I4",1957,1957,8,2
"I4",1958,1958,9,24
"I4",1959,1959,8,17
"I4",1960,1960,8,15
"I4",1961,1961,8,23
"I4",1962,1962,8,23
"I4",1965,1965,8,24
"I4",1966,1966,9,26
"I4",1967,1967,9,18
"I4",1968,1968,8,21
"I4",1969,1969,9,23
"I4",1970,1970,8,13
"I4",1971,1971,7,28
"I4",1972,1972,7,31
"I4",1973,1973,8,15
"I4",1975,1975,8,4
"I4",1976,1976,7,26
"I4",1977,1977,7,5
"I4",1978,1978,8,10
"I4",1979,1979,12,31
"I4",1995,1995,10,5
"I4",2001,2001,10,9
"I4",2006,2006,10,25
"I4",2011,2011,9,27
"I4",2016,2016,9,9
"I5",1915,1915,10,5
"I5",1916,1916,9,12
"I5",1917,1917,10,12
"I5",1918,1918,10,25
"I5",1919,1919,9,26
"I5",1920,1920,10,8
"I5",1921,1921,10,11
"I5",1922,1922,10,11
"I5",1923,1923,10,18
"I5",1924,1924,11,7
"I5",1925,1925,10,27
"I5",1926,1926,9,18
"I5",1927,1927,8,27
"I5",1929,1929,9,28
"I5",1930,1930,9,12
"I5",1931,1931,9,21
"I5",1932,1933,5,10
"I5",1933,1933,10,24
"I5",1934,1934,9,28
"I5",1935,1935,10,15
"I5",1936,1936,10,14
"I5",1937,1937,10,20
"I5",1938,1938,9,9
"I5",1939,1939,12,13
"I5",1940,1941,2,11
"I5",1941,1942,1,23
"I5",1942,1942,10,7
"I5",1943,1943,10,26
"I5",1944,1944,9,8
"I5",1945,1945,9,13
"I5",1946,1946,11,22
"I5",1947,1947,10,1
"I5",1948,1949,3,1
"I5",1949,1949,8,22
"I5",1950,1950,8,23
"I5",1951,1951,8,23
"I5",1952,1952,9,12
"I5",1956,1956,8,10
"I5",1957,1957,8,2
"I5",1958,1958,9,24
"I5",1959,1959,8,16
"I5",1960,1960,8,15
"I5",1961,1961,8,23
"I5",1962,1962,8,30
"I5",1965,1965,8,24
"I5",1966,1966,9,26
"I5",1967,1967,9,18
"I5",1968,1968,8,14
"I5",1970,1970,8,13
"I5",1971,1971,7,28
"I5",1972,1972,7,31
"I5",1973,1973,8,15
"I5",1974,1974,6,18
"I5",1975,1975,8,4
"I5",1976,1976,7,30
"I5",1977,1977,7,13
"I5",1978,1978,8,10
"I5",1979,1979,12,31
"I5",1995,1995,10,12
"I5",2001,2001,11,5
"I5",2006,2006,12,1
"I5",2011,2011,9,30
"I5",2016,2016,12,1
"I6",1915,1915,9,15
"I6",1916,1916,9,14
"I6",1917,1917,10,8
"I6",1918,1919,4,4
"I6",1919,1919,10,2
"I6",1920,1921,1,3
"I6",1921,1921,10,7
"I6",1922,1922,11,11
"I6",1923,1924,1,24
"I6",1924,1924,11,7
"I6",1925,1925,10,29
"I6",1926,1926,9,18
"I6",1927,1927,8,27
"I6",1929,1929,9,28
"I6",1930,1930,9,10
"I6",1931,1931,9,18
"I6",1932,1932,10,16
"I6",1933,1933,10,19
"I6",1934,1934,9,28
"I6",1935,1935,10,15
"I6",1936,1936,10,14
"I6",1937,1937,10,20
"I6",1938,1938,9,9
"I6",1939,1939,12,13
"I6",1940,1941,2,11
"I6",1941,1942,1,26
"I6",1942,1942,10,7
"I6",1943,1943,10,26
"I6",1944,1944,9,9
"I6",1945,1945,9,12
"I6",1946,1946,11,22
"I6",1947,1947,9,29
"I6",1948,1949,3,8
"I6",1949,1949,8,31
"I6",1950,1950,8,28
"I6",1951,1951,8,23
"I6",1952,1952,9,12
"I6",1956,1956,8,10
"I6",1957,1957,8,2
"I6",1958,1958,9,25
"I6",1959,1959,8,17
"I6",1960,1960,8,16
"I6",1961,1961,9,11
"I6",1962,1962,8,30
"I6",1965,1965,8,24
"I6",1966,1966,9,26
"I6",1967,1967,9,18
"I6",1968,1968,8,14
"I6",1969,1969,8,28
"I6",1970,1970,8,13
"I6",1971,1971,7,28
"I6",1972,1972,7,31
"I6",1973,1973,8,15
"I6",1974,1974,6,18
"I6",1975,1975,8,4
"I6",1976,1976,7,30
"I6",1978,1978,8,10
"I6",1979,1979,12,31
"I6",1995,1995,10,12
"I6",2001,2001,11,5
"I6",2006,2006,12,1
"I6",2011,2011,10,11
"I6",2016,2016,9,20
"I7",1915,1915,9,15
"I7",1916,1916,9,14
"I7",1917,1917,10,10
"I7",1918,1919,4,4
"I7",1919,1919,10,2
"I7",1920,1920,12,30
"I7",1921,1921,10,7
"I7",1922,1922,10,31
"I7",1923,1924,1,24
"I7",1924,1924,11,7
"I7",1925,1925,10,29
"I7",1926,1926,9,18
"I7",1927,1927,8,27
"I7",1928,1928,11,8
"I7",1929,1929,9,28
"I7",1930,1930,9,10
"I7",1931,1931,9,18
"I7",1932,1932,10,16
"I7",1933,1933,10,19
"I7",1934,1934,9,28
"I7",1935,1935,10,15
"I7",1936,1936,10,14
"I7",1937,1937,10,20
"I7",1938,1938,9,9
"I7",1939,1939,12,13
"I7",1940,1941,2,11
"I7",1941,1942,1,26
"I7",1942,1942,10,7
"I7",1943,1943,10,26
"I7",1944,1944,9,9
"I7",1945,1945,9,12
"I7",1946,1946,11,22
"I7",1947,1947,9,29
"I7",1948,1949,3,8
"I7",1949,1949,8,31
"I7",1950,1950,8,28
"I7",1951,1951,8,23
"I7",1952,1952,9,12
"I7",1956,1956,8,10
"I7",1957,1957,8,2
"I7",1958,1958,9,25
"I7",1959,1959,8,17
"I7",1960,1960,8,16
"I7",1961,1961,9,11
"I7",1962,1962,8,30
"I7",1965,1965,8,24
"I7",1966,1966,9,26
"I7",1967,1967,9,18
"I7",1968,1968,8,14
"I7",1969,1969,8,28
"I7",1970,1970,8,13
"I7",1971,1971,7,28
"I7",1972,1972,8,8
"I7",1973,1973,8,15
"I7",1974,1974,6,18
"I7",1975,1975,8,4
"I7",1976,1976,7,30
"I7",1977,1977,8,11
"I7",1978,1978,8,10
"I7",1979,1979,12,31
"I7",1995,1995,10,12
"I7",2001,2001,11,5
"I7",2006,2006,12,1
"I7",2011,2011,10,11
"I7",2016,2016,9,20
"J1",1915,1915,10,5
"J1",1916,1916,9,9
"J1",1917,1917,10,11
"J1",1918,1918,9,10
"J1",1919,1919,9,11
"J1",1920,1920,10,22
"J1",1921,1921,10,11
"J1",1922,1922,10,11
"J1",1923,1923,10,17
"J1",1924,1924,11,13
"J1",1925,1925,10,29
"J1",1926,1926,10,10
"J1",1927,1927,8,26
"J1",1928,1928,10,1
"J1",1929,1929,10,9
"J1",1930,1930,9,12
"J1",1931,1931,9,21
"J1",1932,1932,11,5
"J1",1933,1933,10,28
"J1",1934,1934,10,9
"J1",1935,1935,10,17
"J1",1936,1936,10,15
"J1",1937,1937,10,20
"J1",1938,1938,9,10
"J1",1939,1939,10,5
"J1",1940,1941,2,14
"J1",1941,1942,1,23
"J1",1942,1942,10,29
"J1",1943,1943,11,5
"J1",1944,1944,9,14
"J1",1945,1945,9,20
"J1",1947,1948,1,9
"J1",1948,1949,3,15
"J1",1949,1949,8,24
"J1",1950,1950,8,22
"J1",1951,1951,8,24
"J1",1952,1952,9,17
"J1",1956,1956,8,13
"J1",1957,1957,8,7
"J1",1958,1958,9,26
"J1",1959,1959,8,18
"J1",1960,1960,8,22
"J1",1961,1961,9,11
"J1",1962,1962,10,24
"J1",1966,1966,9,27
"J1",1967,1967,10,3
"J1",1968,1968,8,9
"J1",1969,1969,9,9
"J1",1971,1971,8,11
"J1",1972,1972,8,17
"J1",1974,1974,6,13
"J1",1975,1975,8,6
"J1",1976,1976,7,30
"J1",1977,1977,7,7
"J1",1978,1978,8,10
"J1",1979,1980,1,3
"J1",1995,1995,10,10
"J1",2001,2001,11,8
"J1",2006,2006,11,21
"J1",2011,2012,2,1
"J1",2016,2016,11,2
"J12",1919,1919,9,10
"J12",1920,1920,10,22
"J12",1921,1921,10,13
"J12",1922,1922,10,11
"J12",1923,1923,10,17
"J12",1924,1924,11,13
"J12",1925,1925,10,29
"J12",1926,1926,10,10
"J12",1927,1927,8,26
"J12",1928,1928,10,1
"J12",1929,1929,10,9
"J12",1930,1930,9,12
"J12",1931,1931,9,21
"J12",1932,1932,11,5
"J12",1933,1933,10,26
"J12",1934,1934,10,9
"J12",1935,1935,10,17
"J12",1936,1936,10,15
"J12",1937,1937,10,20
"J12",1938,1938,9,10
"J12",1939,1939,10,5
"J12",1940,1941,2,14
"J12",1941,1942,1,23
"J12",1942,1942,10,29
"J12",1943,1943,11,5
"J12",1944,1944,9,14
"J12",1945,1945,9,20
"J12",1946,1947,1,30
"J12",1947,1948,1,9
"J12",1948,1949,3,15
"J12",1950,1950,8,22
"J12",1951,1951,8,24
"J12",1952,1952,9,17
"J12",1956,1956,8,13
"J12",1957,1957,8,7
"J12",1958,1958,9,28
"J12",1959,1959,8,18
"J12",1960,1960,8,22
"J12",1961,1961,9,11
"J12",1962,1962,10,24
"J12",1965,1965,9,16
"J12",1966,1966,9,27
"J12",1967,1967,10,3
"J12",1968,1968,8,9
"J12",1969,1969,9,9
"J12",1971,1971,8,11
"J12",1972,1972,7,18
"J12",1974,1974,6,13
"J12",1975,1975,8,6
"J12",1976,1976,7,30
"J12",1978,1978,8,10
"J12",1979,1980,1,3
"J12",1995,1995,10,10
"J12",2001,2001,11,8
"J12",2006,2006,11,21
"J12",2011,2012,2,1
"J12",2016,2016,11,2
"J22",1916,1916,8,30
"J22",1918,1919,4,14
"J22",1919,1919,8,26
"J22",1921,1921,11,2
"J22",1922,1922,10,23
"J22",1927,1927,8,28
"J22",1928,1928,11,8
"J22",1929,1929,10,10
"J22",1930,1930,9,12
"J22",1931,1931,10,6
"J22",1932,1932,11,5
"J22",1933,1933,10,26
"J22",1934,1934,9,27
"J22",1935,1935,10,17
"J22",1936,1936,10,13
"J22",1937,1937,10,27
"J22",1938,1938,9,12
"J22",1939,1939,10,5
"J22",1940,1941,3,26
"J22",1941,1942,1,22
"J22",1943,1943,10,29
"J22",1944,1944,9,13
"J22",1945,1945,9,19
"J22",1946,1947,1,30
"J22",1947,1948,1,9
"J22",1949,1949,8,25
"J22",1950,1950,8,23
"J22",1951,1951,8,24
"J22",1952,1952,9,15
"J22",1954,1954,11,30
"J22",1955,1955,9,9
"J22",1956,1956,8,13
"J22",1957,1957,8,5
"J22",1958,1958,9,26
"J22",1959,1959,8,27
"J22",1960,1960,8,23
"J22",1961,1961,9,12
"J22",1965,1965,8,27
"J22",1968,1968,8,21
"J22",1969,1969,9,23
"J22",1970,1970,8,11
"J22",1971,1971,8,17
"J22",1972,1972,8,17
"J22",1974,1974,6,21
"J22",1975,1975,8,4
"J22",1976,1976,7,26
"J22",1977,1977,7,5
"J22",1978,1978,8,8
"J22",1979,1980,1,2
"J22",1995,1995,10,16
"J22",2001,2001,11,6
"J22",2006,2006,11,29
"J22",2011,2011,10,26
"J22",2016,2016,10,4
"J8",1916,1916,8,28
"J8",1917,1917,10,11
"J8",1918,1918,9,25
"J8",1919,1919,9,19
"J8",1920,1920,11,22
"J8",1921,1921,10,13
"J8",1922,1922,10,12
"J8",1923,1923,10,17
"J8",1924,1924,10,29
"J8",1925,1925,10,30
"J8",1926,1926,10,10
"J8",1927,1927,8,24
"J8",1928,1928,10,1
"J8",1929,1929,10,10
"J8",1930,1930,9,11
"J8",1931,1931,10,1
"J8",1932,1932,11,5
"J8",1933,1933,10,26
"J8",1934,1934,10,9
"J8",1935,1935,10,17
"J8",1936,1936,10,15
"J8",1937,1937,10,20
"J8",1938,1938,9,10
"J8",1939,1939,10,5
"J8",1940,1941,2,14
"J8",1941,1942,1,23
"J8",1942,1942,10,29
"J8",1943,1943,11,5
"J8",1944,1944,9,22
"J8",1945,1945,9,20
"J8",1946,1947,1,30
"J8",1947,1948,1,9
"J8",1948,1949,3,15
"J8",1949,1949,8,31
"J8",1950,1950,8,22
"J8",1951,1951,8,24
"J8",1952,1952,9,17
"J8",1956,1956,8,13
"J8",1957,1957,8,7
"J8",1958,1958,9,26
"J8",1959,1959,8,18
"J8",1960,1960,8,23
"J8",1962,1962,10,29
"J8",1965,1965,9,10
"J8",1966,1966,10,12
"J8",1968,1968,8,12
"J8",1969,1969,9,9
"J8",1970,1970,8,7
"J8",1971,1971,8,11
"J8",1972,1972,8,17
"J8",1974,1974,6,13
"J8",1975,1975,8,6
"J8",1976,1976,8,2
"J8",1977,1977,7,13
"J8",1978,1978,8,10
"J8",1979,1980,1,3
"J8",1995,1995,10,24
"J8",2001,2001,11,8
"J8",2006,2006,12,1
"J8",2011,2012,2,1
"J8",2016,2016,12,1
"J9",1916,1916,8,29
"J9",1918,1919,4,14
"J9",1919,1919,8,26
"J9",1920,1920,10,20
"J9",1921,1921,11,2
"J9",1922,1922,10,31
"J9",1927,1927,8,28
"J9",1928,1928,11,8
"J9",1929,1929,10,10
"J9",1930,1930,9,12
"J9",1931,1931,10,6
"J9",1932,1932,11,5
"J9",1933,1933,10,28
"J9",1934,1934,9,27
"J9",1935,1935,10,17
"J9",1936,1936,10,13
"J9",1937,1937,10,27
"J9",1938,1938,9,10
"J9",1939,1939,10,5
"J9",1940,1941,3,3
"J9",1941,1942,1,22
"J9",1942,1942,10,29
"J9",1943,1943,10,29
"J9",1944,1944,9,13
"J9",1945,1945,9,19
"J9",1946,1947,1,30
"J9",1947,1948,1,9
"J9",1948,1949,3,15
"J9",1949,1949,8,25
"J9",1950,1950,8,23
"J9",1951,1951,8,24
"J9",1952,1952,9,15
"J9",1956,1956,8,13
"J9",1957,1957,8,7
"J9",1958,1958,9,26
"J9",1959,1959,8,27
"J9",1960,1960,8,23
"J9",1961,1961,9,12
"J9",1962,1962,8,23
"J9",1965,1965,8,27
"J9",1968,1968,8,21
"J9",1969,1969,9,23
"J9",1970,1970,8,11
"J9",1971,1971,8,11
"J9",1972,1972,8,17
"J9",1974,1974,6,21
"J9",1975,1975,8,4
"J9",1976,1976,7,26
"J9",1977,1977,7,5
"J9",1978,1978,8,8
"J9",1979,1980,1,2
"J9",1995,1995,10,16
"J9",2001,2001,11,6
"J9",2006,2006,11,29
"J9",2011,2011,10,26
"J9",2016,2016,10,4
"K1",1916,1916,9,5
"K1",1918,1918,9,11
"K1",1919,1919,9,29
"K1",1920,1920,12,14
"K1",1921,1921,10,5
"K1",1922,1922,11,6
"K1",1924,1924,10,20
"K1",1925,1925,11,4
"K1",1926,1926,10,12
"K1",1927,1927,8,27
"K1",1928,1928,9,12
"K1",1929,1929,9,7
"K1",1930,1930,9,9
"K1",1931,1931,9,22
"K1",1932,1932,10,18
"K1",1933,1933,10,21
"K1",1935,1935,11,1
"K1",1936,1936,10,8
"K1",1937,1937,11,29
"K1",1938,1938,9,12
"K1",1939,1940,1,4
"K1",1940,1941,3,3
"K1",1941,1942,1,27
"K1",1942,1942,10,8
"K1",1943,1943,10,27
"K1",1944,1944,9,11
"K1",1945,1945,9,13
"K1",1946,1947,2,11
"K1",1947,1947,9,26
"K1",1949,1949,8,31
"K1",1950,1950,11,7
"K1",1951,1951,8,23
"K1",1952,1952,10,10
"K1",1954,1954,12,14
"K1",1955,1955,9,26
"K1",1956,1956,8,10
"K1",1957,1957,8,6
"K1",1960,1960,8,24
"K1",1961,1961,9,13
"K1",1962,NA,NA,NA
"K1",1974,1974,7,3
"K1",1975,1975,8,11
"K1",1976,1976,8,6
"K1",1995,1995,10,16
"K1",2001,2001,10,10
"K1",2006,2006,11,3
"K1",2011,2012,1,27
"K1",2016,2016,11,17
"K2",1916,1916,8,30
"K2",1917,1917,6,12
"K2",1918,1918,9,11
"K2",1919,1919,9,29
"K2",1920,1920,12,20
"K2",1921,1921,10,5
"K2",1922,1922,11,2
"K2",1923,1924,5,14
"K2",1924,1924,10,20
"K2",1925,1925,11,4
"K2",1965,1965,8,25
"K2",1975,1975,8,11
"K2",1995,1995,10,16
"K2",2001,2001,11,5
"K2",2006,2006,12,11
"K2",2011,2012,1,13
"K2",2016,2016,11,17
"K3",1916,1916,9,5
"K3",1917,1917,6,19
"K3",1918,1918,9,11
"K3",1919,1919,9,29
"K3",1920,1920,12,21
"K3",1921,1921,10,5
"K3",1922,1922,11,2
"K3",1923,1924,5,14
"K3",1924,1924,10,20
"K3",1925,1925,11,4
"K3",1926,1926,10,11
"K3",1927,1927,8,27
"K3",1928,1928,9,12
"K3",1929,1929,9,7
"K3",1930,1930,9,9
"K3",1931,1931,9,22
"K3",1932,1932,10,18
"K3",1933,1933,10,21
"K3",1934,1934,10,24
"K3",1935,1935,11,1
"K3",1936,1936,10,8
"K3",1937,1937,11,29
"K3",1938,1938,9,12
"K3",1939,1940,1,4
"K3",1940,1941,3,3
"K3",1941,1942,1,27
"K3",1942,1942,10,8
"K3",1943,1943,10,29
"K3",1944,1944,9,11
"K3",1945,1945,9,13
"K3",1946,1947,2,11
"K3",1947,1947,9,26
"K3",1949,1949,9,8
"K3",1950,1950,11,7
"K3",1951,1951,8,23
"K3",1952,1952,10,10
"K3",1956,1956,8,22
"K3",1957,1957,8,6
"K3",1958,1958,9,30
"K3",1959,1959,8,20
"K3",1960,1960,8,26
"K3",1961,1961,9,13
"K3",1962,NA,NA,NA
"K3",1966,1966,10,21
"K3",1967,1967,9,26
"K3",1969,1969,8,27
"K3",1970,1970,8,26
"K3",1971,1971,8,18
"K3",1974,1974,7,3
"K3",1976,1976,8,6
"K3",1977,1977,8,5
"K3",1995,1995,10,16
"K3",2001,2001,10,16
"K3",2006,2006,11,17
"K3",2011,2012,1,13
"K3",2016,2016,11,17
"K4",1916,1916,8,30
"K4",1917,1917,6,13
"K4",1918,1918,9,16
"K4",1919,1919,9,30
"K4",1920,1920,12,22
"K4",1921,1921,10,5
"K4",1922,1922,11,2
"K4",1923,1924,5,14
"K4",1924,1924,10,21
"K4",1925,1925,11,4
"K4",1926,1926,10,11
"K4",1927,1927,8,27
"K4",1928,1928,9,12
"K4",1929,1929,9,7
"K4",1930,1930,9,9
"K4",1931,1931,9,22
"K4",1932,1932,10,18
"K4",1933,1933,10,21
"K4",1934,1934,10,24
"K4",1935,1935,11,1
"K4",1936,1936,10,8
"K4",1937,1937,11,29
"K4",1938,1938,9,12
"K4",1939,1940,1,4
"K4",1940,1941,3,3
"K4",1941,1942,1,27
"K4",1942,1942,10,8
"K4",1943,1943,10,29
"K4",1944,1944,9,11
"K4",1945,1945,9,13
"K4",1946,1947,2,11
"K4",1947,1947,9,26
"K4",1949,1949,9,8
"K4",1950,1950,11,7
"K4",1951,1951,8,23
"K4",1952,1952,10,10
"K4",1956,1956,8,10
"K4",1958,1958,9,20
"K4",1960,1960,8,26
"K4",1961,1961,9,13
"K4",1995,1995,10,16
"K4",2001,2001,11,5
"K4",2006,2007,2,22
"K4",2011,2012,1,13
"K4",2016,2016,10,25
"L1",1915,1915,10,18
"L1",1916,1916,9,6
"L1",1918,1919,4,5
"L1",1919,1919,9,27
"L1",1920,1920,10,18
"L1",1921,1921,10,6
"L1",1922,1922,11,1
"L1",1923,1923,11,3
"L1",1924,1924,10,25
"L1",1925,1925,11,3
"L1",1928,1928,8,14
"L1",1929,1929,9,6
"L1",1930,1930,9,3
"L1",1931,1931,9,19
"L1",1932,1932,11,4
"L1",1933,1933,10,30
"L1",1934,1934,10,2
"L1",1935,1935,10,30
"L1",1936,1936,10,9
"L1",1937,1937,10,29
"L1",1938,1938,9,12
"L1",1939,1940,1,4
"L1",1940,1941,4,16
"L1",1942,1943,1,29
"L1",1943,1943,10,29
"L1",1944,1944,9,12
"L1",1945,1945,9,25
"L1",1946,1947,2,13
"L1",1947,1948,1,23
"L1",1949,1949,8,25
"L1",1951,1951,8,31
"L1",1952,1952,10,10
"L1",1953,1953,8,14
"L1",1954,1954,11,29
"L1",1957,1957,8,6
"L1",1958,1958,11,4
"L1",1960,1960,8,25
"L1",1969,1969,9,23
"L1",1976,1976,8,2
"L1",1995,1995,10,12
"L1",2001,2001,10,17
"L1",2006,2006,11,30
"L1",2011,2011,11,17
"L1",2016,2016,10,12
"L2",1915,1915,10,19
"L2",1916,1916,9,6
"L2",1918,1918,9,11
"L2",1919,1919,9,27
"L2",1920,1920,10,18
"L2",1921,1921,10,6
"L2",1922,1922,11,1
"L2",1923,1923,10,27
"L2",1924,1924,10,25
"L2",1925,1925,11,3
"L2",1928,1928,8,14
"L2",1929,1929,9,6
"L2",1930,1930,9,3
"L2",1931,1931,9,19
"L2",1932,1932,11,4
"L2",1933,1933,10,30
"L2",1934,1934,10,2
"L2",1935,1935,10,30
"L2",1936,1936,10,9
"L2",1937,1937,10,29
"L2",1938,1938,9,12
"L2",1939,1940,1,4
"L2",1940,1941,4,16
"L2",1942,1943,1,29
"L2",1943,1943,10,29
"L2",1944,1944,9,12
"L2",1945,1945,9,25
"L2",1946,1947,2,13
"L2",1947,1948,1,23
"L2",1949,1949,8,25
"L2",1951,1951,8,31
"L2",1952,1952,10,10
"L2",1956,1956,8,14
"L2",1957,1957,8,6
"L2",1958,1958,11,4
"L2",1960,1960,8,25
"L2",1968,1968,8,20
"L2",1975,1975,8,7
"L2",1976,1976,8,2
"L2",1977,1977,8,11
"L2",1995,1995,10,12
"L2",2001,2001,10,17
"L2",2006,2006,11,30
"L2",2011,2011,11,17
"L2",2016,2016,10,12
"L3",1916,1916,9,11
"L3",1918,1918,9,11
"L3",1919,1919,9,27
"L3",1920,1920,10,21
"L3",1921,1921,10,6
"L3",1922,1922,11,4
"L3",1923,1923,10,27
"L3",1924,1924,10,22
"L3",1925,1925,11,3
"L3",1928,1928,8,14
"L3",1929,1929,9,6
"L3",1930,1930,9,3
"L3",1931,1931,9,19
"L3",1932,1932,11,4
"L3",1933,1933,10,30
"L3",1934,1934,10,2
"L3",1935,1935,10,30
"L3",1936,1936,10,9
"L3",1937,1937,10,29
"L3",1938,1938,9,15
"L3",1939,1940,1,4
"L3",1940,1941,4,16
"L3",1942,1943,1,29
"L3",1943,1943,10,29
"L3",1944,1944,9,12
"L3",1945,1945,9,25
"L3",1946,1947,2,13
"L3",1947,1948,1,23
"L3",1949,1949,8,26
"L3",1951,1951,8,31
"L3",1952,1952,10,10
"L3",1954,1954,11,29
"L3",1956,1956,8,14
"L3",1957,1957,8,6
"L3",1958,1958,11,4
"L3",1960,1960,8,26
"L3",1966,1966,10,18
"L3",1968,1968,8,20
"L3",1970,1970,8,14
"L3",1971,1971,8,17
"L3",1975,1975,8,7
"L3",1976,1976,8,3
"L3",1977,1977,8,12
"L3",1995,1995,10,12
"L3",2001,2001,10,17
"L3",2006,2006,11,29
"L3",2011,2011,11,17
"L3",2016,2016,10,12
"L3A",1929,1929,9,6
"L3A",1930,1930,9,3
"L3A",1931,1931,9,19
"L3A",1932,1932,11,4
"L3A",1933,1933,10,30
"L3A",1934,1934,10,2
"L3A",1935,1935,10,30
"L3A",1936,1936,10,9
"L3A",1937,1937,10,29
"L3A",1938,1938,9,15
"L3A",1939,1940,1,4
"L3A",1940,1941,4,16
"L3A",1942,1943,1,29
"L3A",1943,1943,10,29
"L3A",1944,1944,9,12
"L3A",1945,1945,9,25
"L3A",1946,1947,2,13
"L3A",1947,1948,1,23
"L3A",1949,1949,8,26
"L3A",1954,1954,11,29
"L3A",1956,1956,8,14
"L3A",1957,1957,8,6
"L3A",1958,1958,11,4
"L3A",1960,1960,8,26
"L3A",1966,1966,10,18
"L3A",1968,1968,8,20
"L3A",1976,1976,8,3
"L3A",1977,1977,8,12
"L3A",1995,1995,10,12
"L3A",2001,2001,10,17
"L3A",2006,2006,11,29
"L3A",2011,2011,11,17
"L3A",2016,2016,10,12
"L4",1916,1916,9,6
"L4",1918,1918,9,11
"L4",1919,1919,9,27
"L4",1920,1920,12,8
"L4",1921,1921,10,6
"L4",1922,1922,11,1
"L4",1923,1923,10,27
"L4",1924,1924,10,22
"L4",1925,1925,11,3
"L4",1928,1928,8,14
"L4",1929,1929,9,6
"L4",1930,1930,9,3
"L4",1931,1931,9,19
"L4",1932,1932,11,4
"L4",1933,1933,10,30
"L4",1934,1934,10,2
"L4",1935,1935,10,30
"L4",1936,1936,10,9
"L4",1937,1937,11,19
"L4",1938,1938,9,15
"L4",1939,1940,1,4
"L4",1940,1941,4,16
"L4",1942,1943,1,29
"L4",1943,1943,10,29
"L4",1944,1944,9,12
"L4",1945,1945,9,25
"L4",1946,1947,2,13
"L4",1947,1948,1,23
"L4",1949,1949,8,26
"L4",1951,1951,8,31
"L4",1952,1952,10,10
"L4",1954,1954,11,29
"L4",1956,1956,8,14
"L4",1957,1957,8,6
"L4",1960,1960,8,25
"L4",1966,1966,10,18
"L4",1968,1968,8,20
"L4",1970,1970,8,14
"L4",1971,1971,8,16
"L4",1975,1975,8,7
"L4",1976,1976,8,3
"L4",1977,1977,8,12
"L4",1995,1995,10,12
"L4",2001,2001,10,17
"L4",2006,2006,11,29
"L4",2011,2011,11,17
"L4",2016,2016,10,12
"L5",1916,1916,9,6
"L5",1918,1919,4,7
"L5",1919,1919,9,27
"L5",1920,1920,12,8
"L5",1921,1921,10,6
"L5",1922,1922,11,4
"L5",1923,1923,10,27
"L5",1924,1924,10,23
"L5",1925,1925,11,3
"L5",1928,1928,8,14
"L5",1929,1929,9,6
"L5",1930,1930,9,3
"L5",1931,1931,9,19
"L5",1932,1932,11,4
"L5",1933,1933,10,30
"L5",1934,1934,10,2
"L5",1935,1935,10,30
"L5",1936,1936,10,9
"L5",1937,1937,11,19
"L5",1938,1938,9,15
"L5",1939,1940,1,4
"L5",1940,1941,4,16
"L5",1942,1943,1,29
"L5",1951,1951,8,31
"L5",1952,1952,10,10
"L5",1975,1975,8,7
"L5",1976,1976,8,3
"L5",1995,1995,10,24
"L5",2001,2001,10,17
"L5",2006,2006,12,13
"L5",2011,2012,1,27
"L5",2016,2016,10,12
"M5",1915,1915,8,28
"M5",1916,1916,9,25
"M5",1917,1917,10,13
"M5",1918,1919,4,19
"M5",1919,1919,10,23
"M5",1920,1920,11,24
"M5",1921,1921,11,10
"M5",1922,1922,10,26
"M5",1924,1924,11,14
"M5",1925,1925,10,28
"M5",1926,1926,9,28
"M5",1927,1927,11,4
"M5",1928,1928,10,8
"M5",1929,1929,11,13
"M5",1930,1930,12,6
"M5",1932,1932,11,2
"M5",1933,1933,12,4
"M5",1934,1934,11,22
"M5",1935,1935,10,22
"M5",1937,1938,1,17
"M5",1938,1938,9,15
"M5",1939,1940,1,11
"M5",1940,1941,2,4
"M5",1942,1943,4,9
"M5",1943,1944,5,13
"M5",1944,1945,3,13
"M5",1945,1945,9,24
"M5",1946,1947,2,14
"M5",1947,1947,9,30
"M5",1951,1951,8,30
"M5",1954,1954,12,1
"M5",1956,1956,8,15
"M5",1957,1957,8,8
"M5",1968,1968,8,12
"M5",1971,1971,8,9
"M5",1972,1972,8,17
"M5",1973,1973,8,14
"M5",1974,1974,7,3
"M5",1975,1975,8,7
"M5",1977,1977,7,13
"M5",1979,1980,1,7
"M5",1995,1995,10,24
"M5",2001,2001,10,19
"M5",2006,2006,11,30
"M5",2011,2012,1,26
"M5",2016,2016,9,20
"M6",1915,1915,8,28
"M6",1916,1916,9,25
"M6",1917,1917,10,13
"M6",1918,1919,4,19
"M6",1919,1919,10,23
"M6",1920,1920,11,24
"M6",1921,1921,11,10
"M6",1922,1922,10,26
"M6",1924,1924,11,14
"M6",1925,1925,10,24
"M6",1926,1926,9,28
"M6",1927,1927,11,4
"M6",1928,1928,10,8
"M6",1929,1929,11,13
"M6",1930,1930,12,6
"M6",1931,1931,11,19
"M6",1932,1932,11,2
"M6",1933,1933,11,22
"M6",1934,1934,11,19
"M6",1935,1935,10,22
"M6",1937,1938,1,17
"M6",1938,1938,9,15
"M6",1939,1940,1,11
"M6",1940,1941,2,4
"M6",1942,1943,4,9
"M6",1943,1944,5,13
"M6",1944,1945,3,13
"M6",1945,1945,9,24
"M6",1947,1947,9,30
"M6",1951,1951,8,30
"M6",1954,1954,12,1
"M6",1956,1956,8,15
"M6",1957,1957,8,8
"M6",1971,1971,8,9
"M6",1972,1972,8,17
"M6",1973,1973,8,14
"M6",1974,1974,7,3
"M6",1975,1975,8,7
"M6",1976,1976,8,2
"M6",1977,1977,7,13
"M6",1979,1980,1,7
"M6",1995,1995,10,24
"M6",2001,2001,10,19
"M6",2006,2006,11,30
"M6",2011,2012,1,26
"M6",2016,2016,9,20
"N1",1926,1926,10,12
"N1",1927,1927,8,26
"N1",1928,1928,9,28
"N1",1929,1929,10,11
"N1",1930,1930,9,11
"N1",1931,1931,10,2
"N1",1932,1932,10,15
"N1",1933,1933,10,25
"N1",1934,1934,9,25
"N1",1935,1935,10,16
"N1",1936,1936,10,14
"N1",1937,1937,10,21
"N1",1938,1938,10,5
"N1",1939,1939,12,8
"N1",1940,1941,2,3
"N1",1941,1942,1,16
"N1",1942,1942,10,28
"N1",1943,1943,11,6
"N1",1944,1944,9,14
"N1",1945,1946,2,21
"N1",1946,1947,2,10
"N1",1947,1948,4,13
"N1",1948,1949,3,8
"N1",1949,1949,8,29
"N1",1950,1950,8,22
"N1",1951,1951,8,29
"N1",1952,1952,9,15
"N1",1956,1956,8,13
"N1",1957,1957,8,8
"N1",1958,1958,9,26
"N1",1959,1959,8,18
"N1",1960,1960,8,23
"N1",1961,1961,9,11
"N1",1965,1965,9,20
"N1",1966,1966,10,12
"N1",1968,1968,8,9
"N1",1969,1969,11,4
"N1",1970,1970,8,7
"N1",1971,1971,8,11
"N1",1972,1972,8,17
"N1",1974,1974,6,13
"N1",1975,1975,8,7
"N1",1976,1976,8,2
"N1",1977,1977,7,6
"N1",1978,1978,8,16
"N1",1979,1980,1,3
"N1",1995,1995,10,11
"N1",2001,2001,11,7
"N1",2006,2006,12,4
"N1",2011,2011,9,29
"N1",2016,2016,12,15
"N3",1916,1916,8,29
"N3",1917,1917,10,18
"N3",1918,1918,9,26
"N3",1919,1919,12,29
"N3",1920,1920,10,13
"N3",1921,1921,10,13
"N3",1922,1922,10,12
"N3",1923,1924,2,9
"N3",1924,1924,10,29
"N3",1925,1925,10,30
"N3",1926,1926,10,14
"N3",1927,1927,8,26
"N3",1928,1928,9,28
"N3",1931,1931,10,2
"N3",1932,1932,10,15
"N3",1933,1933,10,25
"N3",1934,1934,9,26
"N3",1935,1935,10,16
"N3",1936,1936,10,14
"N3",1937,1937,10,21
"N3",1938,1938,10,5
"N3",1939,1939,12,12
"N3",1940,1941,2,4
"N3",1941,1942,1,22
"N3",1942,1942,10,28
"N3",1943,1943,11,6
"N3",1944,1944,9,14
"N3",1945,1946,2,21
"N3",1946,1947,2,10
"N3",1947,1948,4,13
"N3",1948,1949,3,8
"N3",1949,1949,8,31
"N3",1950,1950,8,22
"N3",1951,1951,8,29
"N3",1956,1956,8,13
"N3",1957,1957,8,8
"N3",1958,1958,9,26
"N3",1959,1959,8,21
"N3",1961,1961,9,11
"N3",1966,1966,10,12
"N3",1968,1968,8,12
"N3",1970,1970,8,11
"N3",1971,1971,8,11
"N3",1972,1972,9,7
"N3",1974,1974,6,26
"N3",1975,1975,8,7
"N3",1976,1976,8,2
"N3",1977,1977,7,7
"N3",1978,1978,9,9
"N3",1979,1980,1,4
"N3",1995,1995,10,12
"N3",2001,2001,11,6
"N3",2006,2006,12,4
"N3",2011,2012,2,1
"N3",2016,2016,12,13
"N3A",1929,1929,10,11
"N3A",1930,1930,9,11
"N3A",1931,1931,10,2
"N3A",1932,1932,10,15
"N3A",1933,1933,10,25
"N3A",1934,1934,9,25
"N3A",1935,1935,10,16
"N3A",1936,1936,10,14
"N3A",1937,1937,10,21
"N3A",1938,1938,10,5
"N3A",1939,1939,12,12
"N3A",1940,1941,2,4
"N3A",1941,1942,1,22
"N3A",1942,1942,10,28
"N3A",1943,1943,11,6
"N3A",1944,1944,9,14
"N3A",1945,1946,2,20
"N3A",1946,1947,2,10
"N3A",1947,1948,4,13
"N3A",1948,1949,3,8
"N3A",1949,1949,8,31
"N3A",1950,1950,8,23
"N3A",1951,1951,8,29
"N3A",1952,1952,9,15
"N3A",1955,1955,9,15
"N3A",1957,1957,8,8
"N3A",1958,1958,9,26
"N3A",1959,1959,8,21
"N3A",1960,1960,8,23
"N3A",1961,1961,9,11
"N3A",1965,1965,10,21
"N3A",1966,1966,10,12
"N3A",1968,1968,8,12
"N3A",1970,1970,8,11
"N3A",1971,1971,8,11
"N3A",1972,1972,9,7
"N3A",1974,1974,6,26
"N3A",1975,1975,8,7
"N3A",1976,1976,8,2
"N3A",1977,1977,7,7
"N3A",1978,1978,9,9
"N3A",1979,1980,1,4
"N3A",1995,1995,10,12
"N3A",2001,2001,11,6
"N3A",2006,2006,12,4
"N3A",2011,2012,2,1
"N3A",2016,2016,12,15
"N4",1919,1919,12,17
"N4",1920,1920,9,30
"N4",1921,1921,10,14
"N4",1922,1922,10,12
"N4",1923,1923,10,17
"N4",1924,1924,10,29
"N4",1925,1925,10,30
"N4",1926,1926,10,12
"N4",1927,1927,8,26
"N4",1928,1928,9,28
"N4",1929,1929,10,11
"N4",1930,1930,9,11
"N4",1931,1931,10,2
"N4",1932,1932,10,15
"N4",1933,1933,10,25
"N4",1934,1934,9,25
"N4",1935,1935,10,16
"N4",1937,1937,10,21
"N4",1938,1938,10,5
"N4",1939,1939,12,12
"N4",1940,1941,2,3
"N4",1941,1942,1,16
"N4",1942,1942,10,28
"N4",1943,1943,11,5
"N4",1944,1944,9,14
"N4",1945,1946,2,21
"N4",1946,1947,2,10
"N4",1947,1948,4,13
"N4",1948,1949,3,8
"N4",1949,1949,8,29
"N4",1950,1950,8,22
"N4",1951,1951,8,29
"N4",1952,1952,9,15
"N4",1955,1955,9,8
"N4",1956,1956,8,13
"N4",1957,1957,8,8
"N4",1958,1958,9,26
"N4",1959,1959,8,18
"N4",1960,1960,8,23
"N4",1961,1961,9,11
"N4",1965,1965,9,20
"N4",1966,1966,10,11
"N4",1968,1968,8,9
"N4",1969,1969,11,4
"N4",1970,1970,8,7
"N4",1971,1971,8,11
"N4",1972,1972,8,17
"N4",1974,1974,6,13
"N4",1975,1975,8,7
"N4",1976,1976,7,2
"N4",1977,1977,8,5
"N4",1978,1978,8,16
"N4",1979,1980,1,3
"N4",1995,1995,10,11
"N4",2001,2001,11,7
"N4",2006,2006,12,4
"N4",2011,2011,9,29
"N4",2016,2016,12,15
"N5",1919,1919,12,29
"N5",1920,1920,10,9
"N5",1921,1921,10,14
"N5",1922,1922,10,12
"N5",1923,1923,10,17
"N5",1924,1924,10,29
"N5",1925,1925,10,30
"N5",1926,1926,10,14
"N5",1927,1927,8,26
"N5",1928,1928,9,28
"N5",1929,1929,10,11
"N5",1930,1930,9,11
"N5",1931,1931,10,2
"N5",1932,1932,10,15
"N5",1933,1933,10,25
"N5",1934,1934,9,25
"N5",1935,1935,10,16
"N5",1936,1936,10,14
"N5",1937,1937,10,21
"N5",1938,1938,10,5
"N5",1939,1939,12,12
"N5",1940,1941,2,3
"N5",1941,1942,1,22
"N5",1942,1942,10,28
"N5",1943,1943,11,6
"N5",1944,1944,9,14
"N5",1945,1946,2,20
"N5",1946,1947,2,10
"N5",1947,1948,4,13
"N5",1948,1949,3,8
"N5",1949,1949,8,31
"N5",1950,1950,8,22
"N5",1951,1951,8,29
"N5",1952,1952,9,15
"N5",1956,1956,8,13
"N5",1957,1957,8,8
"N5",1958,1958,9,26
"N5",1959,1959,8,21
"N5",1960,1960,8,23
"N5",1961,1961,9,11
"N5",1965,1965,9,20
"N5",1966,1966,10,12
"N5",1968,1968,8,12
"N5",1969,1969,11,4
"N5",1970,1970,8,11
"N5",1971,1971,8,11
"N5",1972,1972,8,17
"N5",1974,1974,6,13
"N5",1975,1975,8,7
"N5",1976,1976,8,2
"N5",1977,1977,8,5
"N5",1978,1978,8,16
"N5",1979,1980,1,4
"N5",1995,1995,10,11
"N5",2001,2001,11,15
"N5",2006,2006,12,4
"N5",2011,2012,2,1
"N5",2016,2016,12,15
"N6",1919,1919,12,29
"N6",1920,1920,10,12
"N6",1921,1921,10,22
"N6",1922,1922,10,12
"N6",1923,1923,10,17
"N6",1924,1924,10,29
"N6",1925,1925,10,30
"N6",1926,1926,10,14
"N6",1927,1927,8,26
"N6",1928,1928,9,28
"N6",1929,1929,10,11
"N6",1930,1930,9,11
"N6",1931,1931,10,2
"N6",1932,1932,10,15
"N6",1933,1933,10,25
"N6",1934,1934,9,25
"N6",1935,1935,10,16
"N6",1936,1936,10,14
"N6",1937,1937,10,21
"N6",1938,1938,10,5
"N6",1939,1939,12,12
"N6",1940,1941,2,3
"N6",1941,1942,1,22
"N6",1942,1942,10,28
"N6",1943,1943,11,6
"N6",1944,1944,9,14
"N6",1945,1946,2,21
"N6",1946,1947,2,10
"N6",1947,1948,4,13
"N6",1948,1949,3,8
"N6",1949,1949,8,31
"N6",1950,1950,8,22
"N6",1951,1951,8,29
"N6",1952,1952,9,15
"N6",1956,1956,8,13
"N6",1957,1957,8,8
"N6",1958,1958,9,26
"N6",1960,1960,8,23
"N6",1965,1965,10,21
"N6",1966,1966,10,12
"N6",1968,1968,8,12
"N6",1970,1970,8,11
"N6",1971,1971,8,11
"N6",1972,1972,9,7
"N6",1974,1974,6,26
"N6",1975,1975,8,7
"N6",1976,1976,8,2
"N6",1995,1995,10,11
"N6",2001,2001,11,15
"N6",2006,2006,12,4
"N6",2011,2012,2,1
"N6",2016,2016,12,13
"P1",1919,1919,7,23
"P1",1921,1921,11,1
"P1",1922,1923,5,16
"P1",1923,1924,4,22
"P1",1924,1924,10,29
"P1",1925,1925,10,31
"P1",1926,1926,9,20
"P1",1927,1927,8,29
"P1",1928,1928,10,2
"P1",1929,1929,10,4
"P1",1930,1930,9,11
"P1",1931,1931,9,24
"P1",1932,1932,11,11
"P1",1933,1933,10,31
"P1",1934,1934,10,8
"P1",1935,1935,10,18
"P1",1936,1936,10,7
"P1",1937,1937,10,27
"P1",1939,1940,1,10
"P1",1942,1942,10,28
"P1",1943,1943,11,16
"P1",1944,1944,9,20
"P1",1945,1946,2,21
"P1",1946,1947,2,19
"P1",1949,1949,8,26
"P1",1952,1952,11,6
"P1",1954,1954,11,24
"P1",1956,1956,8,16
"P1",1957,1957,8,9
"P1",1970,1970,8,6
"P1",1971,1971,8,9
"P1",1975,1975,8,7
"P1",1976,1976,8,3
"P1",1977,1977,8,12
"P1",1978,1978,8,15
"P1",1979,1980,1,19
"P1",1995,1995,10,11
"P1",2001,2001,11,7
"P1",2006,2006,12,5
"P1",2011,2012,1,25
"P1",2016,2016,12,13
"P2",1919,1919,8,12
"P2",1922,1923,5,15
"P2",1923,1924,4,17
"P2",1924,1924,10,30
"P2",1925,1925,10,31
"P2",1926,1926,9,20
"P2",1927,1927,8,29
"P2",1928,1928,10,2
"P2",1929,1929,10,4
"P2",1930,1930,9,11
"P2",1931,1931,9,24
"P2",1932,1932,11,11
"P2",1933,1933,11,3
"P2",1934,1934,10,8
"P2",1935,1935,7,25
"P2",1936,1936,10,7
"P2",1937,1937,10,28
"P2",1938,1938,10,4
"P2",1939,1940,1,10
"P2",1940,1941,4,14
"P2",1942,1942,10,28
"P2",1943,1943,11,16
"P2",1944,1944,9,20
"P2",1945,1946,2,21
"P2",1946,1947,2,19
"P2",1949,1949,8,26
"P2",1952,1952,11,6
"P2",1956,1956,8,16
"P2",1957,1957,8,9
"P2",1960,1960,8,25
"P2",1968,1968,8,12
"P2",1970,1970,8,6
"P2",1972,1972,8,18
"P2",1975,1975,8,7
"P2",1976,1976,8,3
"P2",1977,1977,8,12
"P2",1978,1978,8,15
"P2",1979,1980,1,19
"P2",1995,1995,10,11
"P2",2001,2001,10,24
"P2",2006,2006,12,5
"P2",2011,2012,1,25
"P2",2016,2016,12,13
"P3",1919,1919,8,23
"P3",1921,1922,5,1
"P3",1922,1923,5,15
"P3",1923,1924,4,18
"P3",1924,1924,10,30
"P3",1925,1925,10,31
"P3",1926,1926,9,20
"P3",1927,1927,8,29
"P3",1928,1928,10,2
"P3",1929,1929,10,4
"P3",1930,1930,9,11
"P3",1931,1931,9,24
"P3",1932,1932,11,11
"P3",1933,1933,11,3
"P3",1934,1934,10,8
"P3",1935,1935,10,19
"P3",1936,1936,10,7
"P3",1937,1937,10,28
"P3",1938,1938,10,4
"P3",1939,1940,1,10
"P3",1940,1941,4,15
"P3",1942,1942,10,28
"P3",1943,1943,11,16
"P3",1944,1944,9,20
"P3",1945,1946,2,21
"P3",1946,1947,2,19
"P3",1949,1949,8,29
"P3",1956,1956,8,16
"P3",1957,1957,8,9
"P3",1960,1960,8,25
"P3",1968,1968,8,12
"P3",1971,1971,8,9
"P3",1972,1972,8,18
"P3",1975,1975,8,7
"P3",1976,1976,8,3
"P3",1995,1995,10,11
"P3",2001,2001,11,7
"P3",2006,2006,12,5
"P3",2011,2012,1,25
"P3",2016,2016,12,13
"P4",1919,1919,8,13
"P4",1921,1922,5,2
"P4",1922,1923,5,15
"P4",1923,1924,4,18
"P4",1924,1924,10,31
"P4",1925,1925,10,31
"P4",1926,1926,9,20
"P4",1927,1927,8,29
"P4",1928,1928,10,2
"P4",1929,1929,10,4
"P4",1930,1930,9,11
"P4",1931,1931,9,24
"P4",1932,1932,11,11
"P4",1933,1933,11,3
"P4",1934,1934,10,9
"P4",1935,1935,10,19
"P4",1936,1936,10,7
"P4",1937,1937,10,28
"P4",1938,1938,10,4
"P4",1939,1940,1,10
"P4",1940,1941,4,15
"P4",1942,1942,10,28
"P4",1943,1943,11,16
"P4",1944,1944,9,20
"P4",1945,1946,2,21
"P4",1946,1947,2,19
"P4",1949,1949,8,29
"P4",1952,1952,11,6
"P4",1956,1956,8,16
"P4",1957,1957,8,9
"P4",1960,1960,8,25
"P4",1972,1972,8,18
"P4",1974,1974,6,28
"P4",1975,1975,8,7
"P4",1976,1976,8,3
"P4",1995,1995,10,11
"P4",2001,2001,11,7
"P4",2006,2006,12,5
"P4",2011,2012,1,25
"P4",2016,2016,12,13
"P5",1927,1927,8,29
"P5",1928,1928,10,2
"P5",1929,1929,10,4
"P5",1930,1930,9,11
"P5",1931,1931,9,24
"P5",1932,1932,11,11
"P5",1933,1933,11,3
"P5",1934,1934,10,8
"P5",1935,1935,10,19
"P5",1936,1936,10,7
"P5",1937,1937,10,28
"P5",1938,1938,10,4
"P5",1939,1940,1,10
"P5",1940,1941,4,15
"P5",1942,1942,10,28
"P5",1943,1943,11,16
"P5",1944,1944,9,20
"P5",1945,1946,2,21
"P5",1946,1947,2,19
"P5",1949,1949,8,29
"P5",1954,1954,11,24
"P5",1956,1956,8,16
"P5",1957,1957,8,9
"P5",1971,1971,8,9
"P5",1972,1972,8,18
"P5",1995,1995,10,24
"P5",2001,2001,11,7
"P5",2006,2006,12,5
"P5",2011,2012,1,25
"P5",2016,2016,12,13
"R1",1919,1919,11,1
"R1",1920,1920,10,20
"R1",1921,1921,10,25
"R1",1922,1922,10,23
"R1",1923,1923,11,1
"R1",1924,1924,12,4
"R1",1925,1925,11,2
"R1",1926,1926,9,24
"R1",1927,1927,8,27
"R1",1928,1928,11,7
"R1",1929,1929,10,10
"R1",1930,1930,9,12
"R1",1931,1931,10,6
"R1",1932,1932,11,9
"R1",1933,1933,10,26
"R1",1934,1934,9,27
"R1",1935,1935,10,17
"R1",1936,1936,10,13
"R1",1937,1937,10,27
"R1",1938,1938,9,26
"R1",1939,1939,12,7
"R1",1940,1941,3,3
"R1",1941,1942,1,22
"R1",1942,1943,1,29
"R1",1943,1943,11,5
"R1",1944,1944,9,13
"R1",1945,1945,9,19
"R1",1946,1947,1,30
"R1",1947,1948,1,9
"R1",1949,1949,8,25
"R1",1950,1950,8,13
"R1",1951,1951,8,24
"R1",1952,1952,9,15
"R1",1956,1956,8,15
"R1",1957,1957,8,7
"R1",1958,1958,9,26
"R1",1959,1959,8,27
"R1",1960,1960,8,24
"R1",1962,1962,8,23
"R1",1965,1965,8,28
"R1",1968,1968,8,21
"R1",1969,1969,9,23
"R1",1970,1970,8,11
"R1",1971,1971,8,17
"R1",1974,1974,6,21
"R1",1975,1975,8,4
"R1",1976,1976,7,26
"R1",1977,1977,7,6
"R1",1978,1978,8,9
"R1",1979,1980,1,2
"R1",1995,1995,10,16
"R1",2001,2001,11,6
"R1",2006,2006,11,29
"R1",2011,2011,10,26
"R1",2016,2016,10,4
"R2",1919,1919,12,5
"R2",1920,1920,10,20
"R2",1921,1921,10,25
"R2",1922,1922,10,23
"R2",1923,1923,11,1
"R2",1924,1924,12,5
"R2",1925,1925,11,2
"R2",1926,1926,9,24
"R2",1927,1927,8,28
"R2",1928,1928,11,7
"R2",1929,1929,10,10
"R2",1930,1930,9,12
"R2",1931,1931,10,6
"R2",1932,1932,11,9
"R2",1933,1933,10,26
"R2",1934,1934,9,27
"R2",1935,1935,10,18
"R2",1936,1936,10,13
"R2",1937,1937,10,27
"R2",1938,1938,9,26
"R2",1939,1939,12,7
"R2",1940,1941,3,26
"R2",1941,1942,1,22
"R2",1942,1943,1,29
"R2",1943,1943,11,5
"R2",1944,1944,9,13
"R2",1945,1945,9,19
"R2",1946,1947,1,30
"R2",1947,1948,1,9
"R2",1949,1949,8,25
"R2",1950,1950,8,23
"R2",1951,1951,8,29
"R2",1952,1952,9,18
"R2",1956,1956,8,15
"R2",1957,1957,8,7
"R2",1958,1958,9,26
"R2",1959,1959,8,21
"R2",1960,1960,8,24
"R2",1961,1961,9,11
"R2",1962,1962,8,23
"R2",1965,1965,8,27
"R2",1968,1968,8,21
"R2",1969,1969,9,23
"R2",1970,1970,8,13
"R2",1971,1971,8,16
"R2",1972,1972,8,18
"R2",1974,1974,6,26
"R2",1975,1975,8,4
"R2",1976,1976,7,26
"R2",1977,1977,7,5
"R2",1978,1978,8,9
"R2",1979,1980,1,2
"R2",1995,1995,10,16
"R2",2006,2006,12,1
"R2",2011,2011,10,26
"R2",2016,2016,10,4
"R3",1919,1919,12,5
"R3",1920,1920,10,28
"R3",1921,1921,10,25
"R3",1922,1922,10,31
"R3",1923,1923,11,1
"R3",1924,1924,12,4
"R3",1925,1925,11,2
"R3",1926,1926,9,24
"R3",1927,1927,8,28
"R3",1928,1928,11,7
"R3",1929,1929,10,10
"R3",1930,1930,12,12
"R3",1931,1931,10,6
"R3",1932,1932,11,9
"R3",1933,1933,10,26
"R3",1934,1934,9,27
"R3",1935,1935,10,18
"R3",1936,1936,10,13
"R3",1937,1937,10,27
"R3",1938,1938,9,26
"R3",1939,1939,12,8
"R3",1940,1941,3,26
"R3",1941,1942,1,22
"R3",1942,1943,1,29
"R3",1943,1943,11,5
"R3",1944,1944,9,13
"R3",1945,1945,9,19
"R3",1946,1947,1,30
"R3",1947,1948,1,9
"R3",1949,1949,8,25
"R3",1950,1950,8,23
"R3",1951,1951,8,29
"R3",1952,1952,9,17
"R3",1956,1956,8,15
"R3",1957,1957,8,7
"R3",1958,1958,9,26
"R3",1959,1959,8,21
"R3",1960,1960,8,24
"R3",1961,1961,9,11
"R3",1962,1962,8,23
"R3",1965,1965,8,27
"R3",1968,1968,8,21
"R3",1969,1969,9,23
"R3",1970,1970,8,13
"R3",1971,1971,8,17
"R3",1972,1972,8,18
"R3",1974,1974,6,21
"R3",1975,1975,8,4
"R3",1976,1976,7,26
"R3",1977,1977,7,5
"R3",1978,1978,8,9
"R3",1979,1980,1,2
"R3",1995,1995,10,16
"R3",2001,2001,11,6
"R3",2006,2006,12,1
"R3",2011,2011,10,26
"R3",2016,2016,10,3
"R4",1919,1919,12,5
"R4",1920,1920,10,28
"R4",1921,1921,10,25
"R4",1922,1922,11,6
"R4",1923,1923,11,1
"R4",1924,1924,12,4
"R4",1925,1925,11,2
"R4",1926,1926,9,24
"R4",1927,1927,8,28
"R4",1928,1928,11,7
"R4",1929,1929,10,10
"R4",1930,1930,9,12
"R4",1931,1931,10,6
"R4",1932,1932,11,4
"R4",1933,1933,10,26
"R4",1934,1934,9,27
"R4",1935,1935,10,18
"R4",1936,1936,10,13
"R4",1937,1937,10,27
"R4",1938,1938,9,26
"R4",1939,1939,12,8
"R4",1940,1941,3,28
"R4",1941,1942,1,22
"R4",1942,1943,1,29
"R4",1943,1943,11,5
"R4",1944,1944,9,13
"R4",1945,1945,9,19
"R4",1946,1947,1,30
"R4",1947,1948,1,9
"R4",1949,1949,8,25
"R4",1950,1950,8,23
"R4",1951,1951,8,29
"R4",1952,1952,9,17
"R4",1954,1954,11,20
"R4",1955,1955,9,9
"R4",1956,1956,8,15
"R4",1957,1957,8,7
"R4",1958,1958,9,26
"R4",1960,1960,8,24
"R4",1961,1961,9,11
"R4",1962,1962,8,23
"R4",1965,1965,8,27
"R4",1968,1968,8,21
"R4",1969,1969,9,23
"R4",1970,1970,8,13
"R4",1971,1971,8,17
"R4",1972,1972,8,18
"R4",1974,1974,6,24
"R4",1975,1975,8,4
"R4",1976,1976,7,30
"R4",1978,1978,8,9
"R4",1979,1980,1,2
"R4",1995,1995,10,16
"R4",2001,2001,11,6
"R4",2006,2006,12,1
"R4",2011,2011,10,26
"R4",2016,2016,10,4
"T1",1926,1926,10,15
"T1",1927,1927,9,3
"T1",1928,1928,8,10
"T1",1929,1929,8,27
"T1",1930,1930,9,2
"T1",1931,1931,9,12
"T1",1932,1932,11,16
"T1",1933,1933,11,23
"T1",1934,1934,11,12
"T1",1935,1935,11,13
"T1",1936,1936,10,27
"T1",1937,1938,2,8
"T1",1939,1940,2,9
"T1",1940,1941,3,3
"T1",1942,1943,4,7
"T1",1968,1968,8,19
"T1",1969,1969,9,16
"T1",1970,1970,8,24
"T1",1972,1972,8,14
"T1",1976,1976,8,4
"T1",1977,1977,7,21
"T1",1978,1978,8,11
"T1",1979,1980,1,9
"T1",1995,1995,10,13
"T1",2001,2001,11,1
"T1",2006,2006,11,16
"T1",2011,2012,1,5
"T1",2016,2016,12,8
"T10",1927,1927,9,3
"T10",1928,1928,8,13
"T10",1929,1929,8,28
"T10",1930,1930,9,2
"T10",1931,1931,9,11
"T10",1932,1932,11,16
"T10",1933,1933,11,22
"T10",1934,1934,11,13
"T10",1935,1935,11,14
"T10",1936,1936,10,28
"T10",1937,1938,2,8
"T10",1938,1938,9,22
"T10",1939,1940,2,20
"T10",1940,1941,3,31
"T10",1942,1943,4,6
"T10",1943,1944,2,23
"T10",1968,1968,8,19
"T10",1969,1969,8,26
"T10",1970,1970,8,28
"T10",1971,1971,8,16
"T10",1972,1972,8,15
"T10",1974,1974,6,20
"T10",1975,1975,8,5
"T10",1976,1976,7,29
"T10",1977,1977,8,8
"T10",1995,1995,10,23
"T10",2001,2001,10,10
"T10",2006,2006,11,14
"T10",2011,2011,11,15
"T10",2016,2016,11,29
"T11",1927,1927,9,3
"T11",1928,1928,8,13
"T11",1929,1929,8,27
"T11",1930,1930,9,2
"T11",1931,1931,9,11
"T11",1932,1932,11,16
"T11",1933,1933,11,22
"T11",1934,1934,11,13
"T11",1935,1935,11,14
"T11",1936,1936,10,28
"T11",1937,1938,2,8
"T11",1938,1938,9,22
"T11",1939,1940,2,20
"T11",1940,1941,3,31
"T11",1942,1943,4,6
"T11",1943,1944,2,23
"T11",1968,1968,8,19
"T11",1969,1969,8,26
"T11",1970,1970,8,25
"T11",1972,1972,8,15
"T11",1995,1995,10,23
"T11",2001,2001,10,10
"T11",2006,2006,11,14
"T11",2011,2011,11,15
"T11",2016,2016,11,29
"T2",1926,1926,10,15
"T2",1927,1927,9,3
"T2",1928,1928,8,10
"T2",1929,1929,8,27
"T2",1930,1930,9,2
"T2",1931,1931,9,12
"T2",1932,1932,11,16
"T2",1933,1933,11,23
"T2",1934,1934,11,12
"T2",1935,1935,11,13
"T2",1936,1936,10,27
"T2",1937,1938,2,8
"T2",1938,1938,9,21
"T2",1939,1940,2,9
"T2",1940,1941,3,3
"T2",1942,1943,4,7
"T2",1971,1971,8,13
"T2",1973,1973,8,2
"T2",1974,1974,6,20
"T2",1975,1975,8,5
"T2",1976,1976,8,4
"T2",1977,1977,7,21
"T2",1978,1978,8,11
"T2",1979,1980,1,9
"T2",1995,1995,10,13
"T2",2001,2001,11,1
"T2",2006,2006,11,16
"T2",2011,2012,1,5
"T2",2016,2016,12,8
"T3",1926,1926,10,15
"T3",1927,1927,9,3
"T3",1928,1928,8,10
"T3",1929,1929,8,27
"T3",1930,1930,9,2
"T3",1931,1931,9,12
"T3",1932,1932,11,16
"T3",1933,1933,11,23
"T3",1934,1934,11,12
"T3",1935,1935,11,13
"T3",1936,1936,10,27
"T3",1937,1938,2,8
"T3",1938,1938,9,21
"T3",1939,1940,2,9
"T3",1940,1941,3,3
"T3",1942,1943,4,7
"T3",1972,1972,8,14
"T3",1973,1973,8,2
"T3",1974,1974,6,20
"T3",1975,1975,8,5
"T3",1976,1976,8,4
"T3",1977,1977,7,21
"T3",1978,1978,8,11
"T3",1979,1980,1,9
"T3",1995,1995,10,13
"T3",2001,2001,11,1
"T3",2006,2006,11,16
"T3",2011,2012,1,5
"T3",2016,2016,12,8
"T4",1926,1926,10,16
"T4",1927,1927,9,3
"T4",1928,1928,8,10
"T4",1929,1929,8,27
"T4",1931,1931,9,12
"T4",1932,1932,11,16
"T4",1933,1933,11,23
"T4",1934,1934,11,12
"T4",1935,1935,11,13
"T4",1936,1936,10,28
"T4",1937,1938,2,8
"T4",1938,1938,9,22
"T4",1939,1940,2,9
"T4",1940,1941,3,3
"T4",1942,1943,4,7
"T4",1968,1968,8,19
"T4",1970,1970,8,24
"T4",1971,1971,8,14
"T4",1972,1972,8,14
"T4",1973,1973,8,2
"T4",1975,1975,8,5
"T4",1976,1976,8,4
"T4",1977,1977,7,27
"T4",1978,1978,8,11
"T4",1979,1980,1,10
"T4",1995,1995,10,3
"T4",2001,2001,11,1
"T4",2006,2006,11,16
"T4",2011,2012,1,5
"T4",2016,2016,12,8
"T5",1926,1926,10,16
"T5",1927,1927,9,3
"T5",1928,1928,8,13
"T5",1929,1929,8,27
"T5",1930,1930,9,2
"T5",1931,1931,9,12
"T5",1932,1932,11,16
"T5",1933,1933,11,23
"T5",1934,1934,11,13
"T5",1935,1935,11,13
"T5",1936,1936,10,28
"T5",1937,1938,2,8
"T5",1938,1938,9,22
"T5",1939,1940,2,9
"T5",1940,1941,3,14
"T5",1942,1943,4,7
"T5",1968,1968,8,19
"T5",1969,1969,9,16
"T5",1970,1970,8,24
"T5",1971,1971,8,14
"T5",1972,1972,8,14
"T5",1973,1973,8,2
"T5",1974,1974,6,20
"T5",1975,1975,8,5
"T5",1976,1976,8,4
"T5",1977,1977,7,27
"T5",1978,1978,8,14
"T5",1979,1980,1,10
"T5",1995,1995,10,13
"T5",2001,2001,11,1
"T5",2006,2006,11,16
"T5",2011,2012,1,5
"T5",2016,2016,11,29
"T6",1926,1926,10,16
"T6",1927,1927,9,3
"T6",1928,1928,8,13
"T6",1929,1929,8,27
"T6",1930,1930,9,2
"T6",1931,1931,9,12
"T6",1932,1932,11,16
"T6",1933,1933,11,22
"T6",1934,1934,11,13
"T6",1935,1935,11,13
"T6",1936,1936,10,28
"T6",1937,1938,2,8
"T6",1938,1938,9,22
"T6",1939,1940,2,20
"T6",1940,1941,3,14
"T6",1942,1943,4,7
"T6",1968,1968,8,19
"T6",1969,1969,9,16
"T6",1970,1970,8,24
"T6",1971,1971,8,14
"T6",1972,1972,8,14
"T6",1973,1973,8,2
"T6",1974,1974,6,20
"T6",1975,1975,8,5
"T6",1976,1976,8,4
"T6",1977,1977,7,27
"T6",1978,1978,8,14
"T6",1979,1980,1,10
"T6",1995,1995,10,13
"T6",2001,2001,11,1
"T6",2006,2006,11,16
"T6",2011,2012,1,5
"T6",2016,2016,11,29
"T7",1927,1927,9,2
"T7",1928,1928,8,14
"T7",1929,1929,8,28
"T7",1930,1930,9,9
"T7",1931,1931,9,11
"T7",1932,1932,11,16
"T7",1933,1933,11,22
"T7",1934,1934,11,2
"T7",1935,1935,11,14
"T7",1936,1936,10,28
"T7",1937,1938,2,7
"T7",1938,1938,9,22
"T7",1939,1940,3,25
"T7",1940,1941,3,31
"T7",1941,1941,5,7
"T7",1942,1943,4,6
"T7",1943,1944,2,23
"T7",1957,1957,8,5
"T7",1968,1968,8,19
"T7",1969,1969,8,26
"T7",1970,1970,8,24
"T7",1971,1971,8,16
"T7",1972,1972,8,15
"T7",1973,1973,8,17
"T7",1974,1974,6,19
"T7",1975,1975,8,4
"T7",1976,1976,7,28
"T7",1977,1977,8,5
"T7",1995,1995,10,17
"T7",2001,2001,10,11
"T7",2006,2006,12,7
"T7",2011,2011,11,1
"T7",2016,2016,12,1
"T8",1927,1927,9,2
"T8",1928,1928,8,14
"T8",1929,1929,8,28
"T8",1930,1930,9,9
"T8",1931,1931,9,11
"T8",1932,1932,11,15
"T8",1933,1933,11,22
"T8",1934,1934,11,2
"T8",1935,1935,11,14
"T8",1936,1936,10,28
"T8",1937,1938,2,7
"T8",1938,1938,9,22
"T8",1939,1940,3,25
"T8",1941,1941,5,7
"T8",1942,1943,4,6
"T8",1943,1944,2,23
"T8",1957,1957,8,5
"T8",1968,1968,8,19
"T8",1969,1969,8,26
"T8",1970,1970,8,24
"T8",1971,1971,8,16
"T8",1972,1972,8,15
"T8",1973,1973,8,17
"T8",1974,1974,6,19
"T8",1976,1976,7,30
"T8",1977,1977,8,5
"T8",1995,1995,10,17
"T8",2001,2001,10,12
"T8",2006,2006,12,7
"T8",2011,2011,11,17
"T8",2016,2016,12,1
"T9",1927,1927,9,2
"T9",1928,1928,8,14
"T9",1929,1929,8,28
"T9",1930,1930,9,9
"T9",1931,1931,9,11
"T9",1932,1932,11,15
"T9",1933,1933,11,22
"T9",1934,1934,11,2
"T9",1935,1935,11,14
"T9",1936,1936,10,28
"T9",1937,1938,2,7
"T9",1938,1938,9,22
"T9",1939,1940,3,25
"T9",1940,1941,4,17
"T9",1942,1943,4,6
"T9",1943,1944,2,23
"T9",1968,1968,8,19
"T9",1969,1969,8,26
"T9",1970,1970,8,19
"T9",1971,1971,8,16
"T9",1972,1972,8,15
"T9",1973,1973,9,21
"T9",1975,1975,8,4
"T9",1976,1976,7,30
"T9",1977,1977,8,5
"T9",1995,1995,10,17
"T9",2001,2001,10,11
"T9",2006,2006,11,27
"T9",2011,2011,11,17
"T9",2016,2016,11,29
"U1",1927,1927,8,26
"U1",1928,1928,10,1
"U1",1929,1929,10,9
"U1",1930,1930,9,4
"U1",1931,1931,10,1
"U1",1932,1932,10,17
"U1",1933,1933,10,25
"U1",1934,1934,9,26
"U1",1935,1935,10,17
"U1",1936,1936,10,15
"U1",1937,1937,10,21
"U1",1938,1938,10,5
"U1",1939,1939,10,4
"U1",1940,1941,1,20
"U1",1941,1942,1,16
"U1",1942,1942,10,29
"U1",1943,1943,11,5
"U1",1944,1944,9,14
"U1",1945,1945,9,20
"U1",1946,1947,1,30
"U1",1947,1948,1,21
"U1",1948,1949,3,15
"U1",1949,1949,8,24
"U1",1950,1950,8,22
"U1",1951,1951,8,29
"U1",1952,1952,9,17
"U1",1953,1953,9,23
"U1",1954,1954,11,30
"U1",1955,1955,9,20
"U1",1956,1956,8,13
"U1",1957,1957,8,8
"U1",1958,1958,9,26
"U1",1959,1959,8,18
"U1",1960,1960,8,23
"U1",1961,1961,9,11
"U1",1962,1962,10,24
"U1",1965,1965,9,15
"U1",1966,1966,9,27
"U1",1967,1967,10,3
"U1",1968,1968,8,9
"U1",1971,1971,8,11
"U1",1972,1972,8,18
"U1",1974,1974,6,13
"U1",1975,1975,8,6
"U1",1976,1976,7,30
"U1",1977,1977,7,7
"U1",1978,1978,8,10
"U1",1979,1980,1,3
"U1",1995,1995,10,10
"U1",2001,2001,11,8
"U1",2006,2006,11,21
"U1",2011,2011,9,28
"U1",2016,2016,11,2
"U2",1927,1927,8,26
"U2",1928,1928,10,1
"U2",1929,1929,10,9
"U2",1930,1930,9,4
"U2",1931,1931,10,1
"U2",1932,1932,10,17
"U2",1933,1933,10,25
"U2",1934,1934,9,26
"U2",1935,1935,10,17
"U2",1936,1936,10,15
"U2",1937,1937,10,21
"U2",1938,1938,10,5
"U2",1939,1939,10,4
"U2",1940,1941,1,20
"U2",1941,1942,1,16
"U2",1942,1942,10,29
"U2",1943,1943,11,5
"U2",1944,1944,9,14
"U2",1945,1945,9,20
"U2",1946,1947,1,30
"U2",1947,1948,1,21
"U2",1948,1949,3,15
"U2",1949,1949,8,24
"U2",1950,1950,8,22
"U2",1951,1951,8,29
"U2",1952,1952,9,17
"U2",1953,1953,9,23
"U2",1954,1954,11,30
"U2",1955,1955,9,20
"U2",1956,1956,8,13
"U2",1957,1957,8,8
"U2",1958,1958,9,26
"U2",1959,1959,8,18
"U2",1960,1960,8,22
"U2",1961,1961,9,11
"U2",1962,1962,10,24
"U2",1965,1965,9,16
"U2",1966,1966,9,27
"U2",1967,1967,10,3
"U2",1968,1968,8,9
"U2",1969,1969,11,4
"U2",1971,1971,8,17
"U2",1972,1972,8,18
"U2",1974,1974,6,17
"U2",1976,1976,7,30
"U2",1977,1977,7,7
"U2",1978,1978,8,10
"U2",1979,1980,1,3
"U2",1995,1995,10,10
"U2",2001,2001,11,8
"U2",2006,2006,11,21
"U2",2011,2011,9,28
"U2",2016,2016,11,2
"U3",1927,1927,8,26
"U3",1928,1928,10,1
"U3",1929,1929,10,9
"U3",1930,1930,9,4
"U3",1931,1931,10,1
"U3",1932,1932,10,17
"U3",1933,1933,10,25
"U3",1934,1934,9,26
"U3",1935,1935,10,17
"U3",1936,1936,10,15
"U3",1937,1937,10,21
"U3",1938,1938,10,5
"U3",1939,1939,10,4
"U3",1940,1941,1,21
"U3",1941,1942,1,16
"U3",1942,1942,10,29
"U3",1943,1943,11,5
"U3",1944,1944,9,14
"U3",1945,1945,9,20
"U3",1946,1947,1,30
"U3",1947,1948,1,21
"U3",1948,1949,3,15
"U3",1949,1949,8,29
"U3",1950,1950,8,22
"U3",1951,1951,8,30
"U3",1952,1952,9,17
"U3",1953,1953,9,23
"U3",1954,1954,11,30
"U3",1955,1955,9,20
"U3",1956,1956,8,13
"U3",1957,1957,8,8
"U3",1958,1958,9,26
"U3",1959,1959,8,18
"U3",1960,1960,8,22
"U3",1961,1961,9,11
"U3",1962,1962,10,24
"U3",1965,1965,9,16
"U3",1966,1966,9,27
"U3",1967,1967,10,3
"U3",1968,1968,8,9
"U3",1971,1971,8,17
"U3",1972,1972,8,18
"U3",1974,1974,6,17
"U3",1975,1975,8,6
"U3",1976,1976,7,30
"U3",1977,1977,7,13
"U3",1978,1978,8,10
"U3",1979,1980,1,3
"U3",1995,1995,10,10
"U3",2001,2001,11,8
"U3",2006,2006,11,21
"U3",2011,2011,9,28
"U3",2016,2016,11,2
"U4",1927,1927,8,26
"U4",1928,1928,10,1
"U4",1929,1929,10,9
"U4",1930,1930,9,4
"U4",1931,1931,10,1
"U4",1932,1932,10,17
"U4",1933,1933,10,25
"U4",1934,1934,9,26
"U4",1935,1935,10,17
"U4",1936,1936,10,15
"U4",1937,1937,10,21
"U4",1938,1938,10,6
"U4",1939,1939,10,4
"U4",1940,1941,1,21
"U4",1941,1942,1,16
"U4",1942,1942,10,29
"U4",1943,1943,11,5
"U4",1944,1944,9,14
"U4",1945,1945,9,20
"U4",1946,1947,1,30
"U4",1947,1948,1,21
"U4",1948,1949,3,15
"U4",1949,1949,8,29
"U4",1950,1950,8,22
"U4",1951,1951,8,30
"U4",1952,1952,9,17
"U4",1953,1953,9,23
"U4",1954,1954,11,30
"U4",1955,1955,9,20
"U4",1956,1956,8,13
"U4",1957,1957,8,8
"U4",1958,1958,9,26
"U4",1959,1959,8,18
"U4",1960,1960,8,22
"U4",1961,1961,9,11
"U4",1962,1962,10,24
"U4",1966,1966,9,21
"U4",1968,1968,8,9
"U4",1969,1969,11,4
"U4",1971,1971,8,16
"U4",1972,1972,8,18
"U4",1974,1974,6,17
"U4",1975,1975,8,6
"U4",1995,1995,10,10
"U4",2001,2001,11,15
"U4",2006,2006,11,21
"U4",2011,2011,9,28
"U4",2016,2016,11,2
"U5",1927,1927,8,26
"U5",1928,1928,10,1
"U5",1929,1929,10,9
"U5",1930,1930,9,4
"U5",1931,1931,10,1
"U5",1932,1932,10,17
"U5",1933,1933,10,25
"U5",1934,1934,9,26
"U5",1935,1935,10,22
"U5",1936,1936,10,15
"U5",1937,1937,10,21
"U5",1938,1938,10,6
"U5",1939,1939,10,4
"U5",1940,1941,1,21
"U5",1941,1942,1,16
"U5",1942,1942,10,29
"U5",1943,1943,11,5
"U5",1944,1944,9,14
"U5",1945,1945,9,20
"U5",1946,1947,1,30
"U5",1947,1948,1,21
"U5",1948,1949,3,15
"U5",1949,1949,8,29
"U5",1950,1950,8,22
"U5",1951,1951,8,30
"U5",1952,1952,9,17
"U5",1956,1956,8,13
"U5",1957,1957,8,8
"U5",1958,1958,9,26
"U5",1959,1959,8,18
"U5",1960,1960,8,22
"U5",1961,1961,9,11
"U5",1962,1962,10,24
"U5",1965,1965,9,16
"U5",1966,1966,9,27
"U5",1968,1968,8,9
"U5",1969,1969,11,25
"U5",1972,1972,8,18
"U5",1974,1974,6,17
"U5",1975,1975,8,6
"U5",1976,1976,7,30
"U5",1977,1977,7,13
"U5",1978,1978,8,10
"U5",1979,1980,1,3
"U5",1995,1995,10,10
"U5",2001,2001,11,15
"U5",2006,2006,11,21
"U5",2011,2011,9,28
"U5",2016,2016,11,2
"V1",1927,1927,9,15
"V1",1928,1928,10,3
"V1",1929,1929,9,27
"V1",1930,1930,9,3
"V1",1931,1931,9,25
"V1",1932,1932,11,3
"V1",1933,1933,10,30
"V1",1934,1934,10,3
"V1",1935,1935,10,31
"V1",1936,1936,10,16
"V1",1937,1937,11,24
"V1",1938,1938,9,26
"V1",1939,1939,10,5
"V1",1940,1941,3,27
"V1",1941,1942,1,28
"V1",1942,1942,10,30
"V1",1943,1943,10,30
"V1",1944,1944,9,12
"V1",1945,1945,9,26
"V1",1946,1947,2,12
"V1",1947,1948,4,14
"V1",1949,1949,9,8
"V1",1950,1950,11,7
"V1",1952,1952,9,25
"V1",1956,1956,8,16
"V1",1957,1957,8,21
"V1",1960,1960,8,25
"V1",1968,1968,8,15
"V1",1975,1975,8,11
"V1",1976,1976,8,6
"V1",1995,1995,10,19
"V1",2001,2001,11,14
"V1",2006,2006,12,13
"V1",2011,2012,1,3
"V1",2016,2016,12,6
"V2",1927,1927,9,15
"V2",1928,1928,10,3
"V2",1929,1929,9,27
"V2",1930,1930,9,3
"V2",1931,1931,9,25
"V2",1932,1932,11,3
"V2",1933,1933,10,31
"V2",1934,1934,10,3
"V2",1935,1935,10,31
"V2",1936,1936,10,16
"V2",1937,1937,11,24
"V2",1938,1938,9,26
"V2",1939,1939,10,5
"V2",1940,1941,3,27
"V2",1941,1942,1,28
"V2",1942,1942,10,30
"V2",1943,1943,10,30
"V2",1944,1944,9,12
"V2",1945,1945,9,26
"V2",1946,1947,2,12
"V2",1947,1948,4,14
"V2",1949,1949,9,8
"V2",1950,1950,11,7
"V2",1952,1952,9,24
"V2",1956,1956,8,16
"V2",1957,1957,8,21
"V2",1960,1960,8,25
"V2",1968,1968,8,15
"V2",1975,1975,8,11
"V2",1976,1976,8,6
"V2",1977,1977,8,18
"V2",1995,1995,10,19
"V2",2001,2001,10,23
"V2",2006,2006,12,7
"V2",2011,2012,1,3
"V2",2016,2016,12,6
"V3",1927,1927,9,15
"V3",1928,1928,10,3
"V3",1929,1929,9,27
"V3",1930,1930,9,3
"V3",1931,1931,9,25
"V3",1932,1932,11,3
"V3",1933,1933,10,31
"V3",1934,1934,10,4
"V3",1935,1935,10,31
"V3",1936,1936,10,16
"V3",1937,1937,11,26
"V3",1938,1938,9,26
"V3",1939,1939,10,5
"V3",1940,1941,3,27
"V3",1941,1942,1,29
"V3",1942,1942,10,30
"V3",1943,1943,10,30
"V3",1944,1944,9,12
"V3",1945,1945,9,26
"V3",1946,1947,2,12
"V3",1947,1948,4,14
"V3",1949,1949,9,9
"V3",1950,1950,11,7
"V3",1952,1952,9,25
"V3",1956,1956,8,16
"V3",1957,1957,8,21
"V3",1960,1960,8,25
"V3",1968,1968,8,15
"V3",1974,1974,6,28
"V3",1975,1975,8,11
"V3",1976,1976,8,6
"V3",1977,1977,8,18
"V3",1995,1995,10,19
"V3",2001,2001,11,14
"V3",2006,2006,12,7
"V3",2011,2012,1,3
"V3",2016,2016,12,6
"V4",1927,1927,8,29
"V4",1928,1928,10,3
"V4",1929,1929,9,27
"V4",1930,1930,9,3
"V4",1931,1931,9,25
"V4",1932,1932,11,3
"V4",1933,1933,10,31
"V4",1934,1934,10,3
"V4",1935,1935,10,31
"V4",1936,1936,10,16
"V4",1937,1937,11,26
"V4",1938,1938,9,26
"V4",1939,1939,10,5
"V4",1940,1941,3,27
"V4",1941,1942,1,28
"V4",1942,1942,10,30
"V4",1943,1943,10,30
"V4",1944,1944,9,12
"V4",1945,1945,9,26
"V4",1946,1947,2,12
"V4",1947,1948,4,14
"V4",1949,1949,9,9
"V4",1950,1950,11,7
"V4",1952,1952,9,25
"V4",1956,1956,8,16
"V4",1957,1957,8,21
"V4",1960,1960,8,26
"V4",1968,1968,8,15
"V4",1975,1975,8,11
"V4",1976,1976,8,6
"V4",1995,1995,10,19
"V4",2001,2001,11,14
"V4",2006,2006,12,7
"V4",2011,2012,1,3
"V4",2016,2016,12,6
"V5",1927,1927,8,29
"V5",1928,1928,10,3
"V5",1929,1929,9,27
"V5",1930,1930,9,3
"V5",1931,1931,9,25
"V5",1932,1932,11,3
"V5",1933,1933,10,31
"V5",1934,1934,10,4
"V5",1935,1935,10,31
"V5",1936,1936,10,16
"V5",1937,1937,11,26
"V5",1938,1938,9,26
"V5",1939,1939,10,5
"V5",1940,1941,3,27
"V5",1941,1942,1,28
"V5",1942,1942,10,30
"V5",1943,1943,10,30
"V5",1944,1944,9,12
"V5",1945,1945,9,26
"V5",1946,1947,2,12
"V5",1947,1948,4,14
"V5",1949,1949,9,9
"V5",1950,1950,11,7
"V5",1952,1952,9,25
"V5",1956,1956,8,16
"V5",1960,1960,8,26
"V5",1968,1968,8,15
"V5",1972,1972,10,2
"V5",1975,1975,8,11
"V5",1976,1976,8,5
"V5",1977,1977,8,18
"V5",1995,1995,10,19
"V5",2001,2001,10,23
"V5",2006,2006,12,7
"V5",2011,2012,1,3
"V5",2016,2016,12,6
"V6",1927,1927,8,29
"V6",1928,1928,10,3
"V6",1929,1929,9,27
"V6",1930,1930,9,3
"V6",1931,1931,9,25
"V6",1932,1932,11,3
"V6",1933,1933,10,31
"V6",1934,1934,10,3
"V6",1935,1935,10,31
"V6",1936,1936,10,16
"V6",1937,1937,11,26
"V6",1938,1938,9,26
"V6",1939,1939,10,5
"V6",1940,1941,3,27
"V6",1941,1942,1,28
"V6",1942,1942,10,30
"V6",1943,1943,10,30
"V6",1944,1944,9,12
"V6",1945,1945,9,26
"V6",1946,1947,2,12
"V6",1947,1948,4,14
"V6",1949,1949,9,9
"V6",1950,1950,11,7
"V6",1952,1952,9,25
"V6",1956,1956,8,16
"V6",1960,1960,8,26
"V6",1968,1968,8,15
"V6",1975,1975,8,11
"V6",1976,1976,8,6
"V6",1977,1977,8,18
"V6",1995,1995,10,19
"V6",2001,2001,10,23
"V6",2006,2006,12,7
"V6",2011,2012,1,3
"V6",2016,2016,12,6
"Y1",1916,1916,9,27
"Y1",1918,1918,9,25
"Y1",1919,1919,8,25
"Y1",1920,1921,2,25
"Y1",1921,1921,11,7
"Y1",1922,1923,5,12
"Y1",1923,1923,11,2
"Y1",1924,1924,11,4
"Y1",1925,1925,10,30
"Y1",1926,1926,9,28
"Y1",1927,1927,11,3
"Y1",1928,1928,9,26
"Y1",1929,1929,10,9
"Y1",1930,1930,9,20
"Y1",1931,1931,10,22
"Y1",1932,1932,11,4
"Y1",1933,1933,10,31
"Y1",1934,1934,10,9
"Y1",1935,1935,10,30
"Y1",1936,1936,10,12
"Y1",1937,1937,11,26
"Y1",1938,1938,10,4
"Y1",1939,1940,1,5
"Y1",1940,1941,2,13
"Y1",1942,1943,4,9
"Y1",1943,1944,5,13
"Y1",1944,1945,3,13
"Y1",1946,1947,2,14
"Y1",1947,1947,9,30
"Y1",1951,1951,8,30
"Y1",1956,1956,8,21
"Y1",1957,1957,8,15
"Y1",1968,1968,8,12
"Y1",1969,1969,11,25
"Y1",1970,1970,8,6
"Y1",1971,1971,8,9
"Y1",1972,1972,8,17
"Y1",1973,1973,8,14
"Y1",1974,1974,6,12
"Y1",1975,1975,8,7
"Y1",1976,1976,8,2
"Y1",1977,1977,7,13
"Y1",1978,1978,9,17
"Y1",1979,1980,1,7
"Y1",1995,1995,10,20
"Y1",2001,2001,10,19
"Y1",2006,2006,11,30
"Y1",2011,2011,10,26
"Y1",2016,2016,9,20
"Y2",1916,1916,9,27
"Y2",1917,1917,10,13
"Y2",1918,1918,9,25
"Y2",1919,1919,8,25
"Y2",1920,1921,3,28
"Y2",1921,1921,11,7
"Y2",1923,1923,11,2
"Y2",1924,1924,11,4
"Y2",1925,1925,10,30
"Y2",1926,1926,9,28
"Y2",1927,1927,11,3
"Y2",1928,1928,9,26
"Y2",1929,1929,10,9
"Y2",1930,1930,9,20
"Y2",1931,1931,10,22
"Y2",1932,1932,11,4
"Y2",1933,1933,11,3
"Y2",1934,1934,10,9
"Y2",1935,1935,10,30
"Y2",1936,1936,10,12
"Y2",1937,1937,11,26
"Y2",1938,1938,10,4
"Y2",1939,1940,1,5
"Y2",1940,1941,2,13
"Y2",1942,1943,4,9
"Y2",1943,1944,5,13
"Y2",1944,1945,3,13
"Y2",1946,1947,2,14
"Y2",1947,1947,9,30
"Y2",1951,1951,8,30
"Y2",1956,1956,8,16
"Y2",1957,1957,8,15
"Y2",1968,1968,8,12
"Y2",1969,1969,11,25
"Y2",1970,1970,8,6
"Y2",1971,1971,8,9
"Y2",1972,1972,8,17
"Y2",1973,1973,8,14
"Y2",1974,1974,6,12
"Y2",1975,1975,8,7
"Y2",1976,1976,8,2
"Y2",1995,1995,10,20
"Y2",2001,2001,10,19
"Y2",2006,2006,11,30
"Y2",2011,2011,10,26
"Y2",2016,2016,9,20
"Y3",1919,1919,5,2
"Y3",1920,1920,11,29
"Y3",1921,1921,11,21
"Y3",1922,1923,5,3
"Y3",1923,1923,12,1
"Y3",1924,1924,11,10
"Y3",1925,1925,11,4
"Y3",1926,1926,9,24
"Y3",1927,1927,9,15
"Y3",1928,1928,10,4
"Y3",1929,1929,8,26
"Y3",1930,1930,9,19
"Y3",1931,1931,9,25
"Y3",1932,1932,11,10
"Y3",1933,1933,10,30
"Y3",1934,1934,10,3
"Y3",1935,1935,10,31
"Y3",1936,1936,10,12
"Y3",1937,1937,11,19
"Y3",1938,1938,10,6
"Y3",1939,1940,2,26
"Y3",1940,1941,4,15
"Y3",1942,1943,4,6
"Y3",1995,1995,10,19
"Y3",2001,2001,11,14
"Y3",2006,2006,12,13
"Y3",2011,2012,1,27
"Y3",2016,2016,12,1
"Y7",1919,1919,5,22
"Y7",1921,1922,5,18
"Y7",1923,1924,4,25
"Y7",1924,1924,11,11
"Y7",1925,1925,11,4
"Y7",1926,1926,9,24
"Y7",1927,1927,9,22
"Y7",1928,1928,10,4
"Y7",1929,1929,8,26
"Y7",1930,1930,9,19
"Y7",1931,1931,9,25
"Y7",1932,1932,11,10
"Y7",1933,1934,1,15
"Y7",1934,1934,10,3
"Y7",1935,1935,10,30
"Y7",1936,1936,10,12
"Y7",1937,1937,11,24
"Y7",1938,1938,10,6
"Y7",1939,1940,2,26
"Y7",1940,1941,4,17
"Y7",1942,1943,4,6
"Y7",1995,1995,10,19
"Y7",2001,2001,11,14
"Y7",2006,2006,12,13
"Y7",2011,2012,1,27
"Y7",2016,2016,12,1
