year,month,soi
1866,1,-0.62
1866,2,-0.12
1866,3,-0.62
1866,4,-0.65
1866,5,0.04
1866,6,-0.82
1866,7,-0.34
1866,8,0.36
1866,9,-0.18
1866,10,0.07
1866,11,1.1
1866,12,-0.16
1867,1,0.09
1867,2,-0.01
1867,3,-0.09
1867,4,0.83
1867,5,0.5
1867,6,-0.48
1867,7,0.44
1867,8,0.34
1867,9,0.12
1867,10,-0.56
1867,11,-0.65
1867,12,-0.89
1868,1,-0.16
1868,2,-0.34
1868,3,-1.56
1868,4,0.3
1868,5,-1.34
1868,6,-2.2
1868,7,-0.4
1868,8,-1.41
1868,9,-1.23
1868,10,-1.24
1868,11,-1.49
1868,12,0.52
1869,1,-1.9
1869,2,-0.26
1869,3,-0.59
1869,4,2.12
1869,5,1.4
1869,6,1.53
1869,7,1.42
1869,8,0.94
1869,9,0.12
1869,10,0.85
1869,11,0.56
1869,12,0.42
1870,1,1.06
1870,2,0.18
1870,3,-0.75
1870,4,0.47
1870,5,-0.11
1870,6,-1.1
1870,7,0.17
1870,8,0.98
1870,9,0
1870,10,-0.58
1870,11,-0.86
1870,12,-1.29
1871,1,-1.13
1871,2,-0.13
1871,3,-2
1871,4,-0.46
1871,5,-0.47
1871,6,0.24
1871,7,0.31
1871,8,0.38
1871,9,0.58
1871,10,-0.14
1871,11,-0.02
1871,12,0.97
1872,1,2.69
1872,2,1.12
1872,3,1.69
1872,4,-0.54
1872,5,1.35
1872,6,2.45
1872,7,2.3
1872,8,0.99
1872,9,3.14
1872,10,1.9
1872,11,3.09
1872,12,2.8
1873,1,2.47
1873,2,1.12
1873,3,1.63
1873,4,2.29
1873,5,1.19
1873,6,-3.09
1873,7,-1.14
1873,8,-0.59
1873,9,-2.13
1873,10,-1.78
1873,11,-0.36
1873,12,1.33
1874,1,0.9
1874,2,-0.28
1874,3,-0.52
1874,4,0.98
1874,5,1.29
1874,6,-1.92
1874,7,-0.14
1874,8,0.75
1874,9,2.03
1874,10,2.19
1874,11,0.53
1874,12,1.28
1875,1,0.65
1875,2,-0.11
1875,3,-1
1875,4,1.4
1875,5,0.75
1875,6,2.57
1875,7,-0.49
1875,8,-0.21
1875,9,0.83
1875,10,0.93
1875,11,-1.54
1875,12,-0.54
1876,1,1.16
1876,2,0.98
1876,3,-0.1
1876,4,0.94
1876,5,0.75
1876,6,1.98
1876,7,-0.51
1876,8,1.08
1876,9,0.98
1876,10,-1
1876,11,-0.46
1876,12,-0.45
1877,1,-0.88
1877,2,-1.44
1877,3,-1.07
1877,4,-3.87
1877,5,-1.71
1877,6,-4.34
1877,7,-0.96
1877,8,-1.06
1877,9,-1.71
1877,10,-1.7
1877,11,-1.31
1877,12,-1.52
1878,1,-0.98
1878,2,-2.22
1878,3,-1.86
1878,4,-1.07
1878,5,0.1
1878,6,-0.59
1878,7,1.6
1878,8,1.12
1878,9,1.7
1878,10,0.94
1878,11,1.39
1878,12,1.89
1879,1,1.28
1879,2,1.33
1879,3,1.3
1879,4,1.59
1879,5,0.1
1879,6,1.85
1879,7,2.19
1879,8,2.2
1879,9,1.8
1879,10,1.53
1879,11,0.76
1879,12,-0.71
1880,1,1.14
1880,2,0.7
1880,3,1.43
1880,4,0.79
1880,5,1.22
1880,6,0.97
1880,7,0.21
1880,8,1.26
1880,9,0.73
1880,10,0.56
1880,11,0.74
1880,12,-0.33
1881,1,-0.84
1881,2,-0.67
1881,3,0.02
1881,4,0.43
1881,5,-0.56
1881,6,-0.78
1881,7,-0.51
1881,8,-1.39
1881,9,-1.35
1881,10,-2.6
1881,11,0.49
1881,12,0.7
1882,1,-0.76
1882,2,-0.26
1882,3,0.41
1882,4,-0.06
1882,5,0.35
1882,6,-1.75
1882,7,-2.13
1882,8,-2.74
1882,9,-1.44
1882,10,-0.09
1882,11,0.21
1882,12,1.04
1883,1,0.48
1883,2,-0.95
1883,3,-2.94
1883,4,1.63
1883,5,1.47
1883,6,0.26
1883,7,-1.01
1883,8,0.06
1883,9,-0.81
1883,10,0.36
1883,11,0.19
1883,12,-1.77
1884,1,-1.4
1884,2,-0.61
1884,3,0.88
1884,4,-1.6
1884,5,0.18
1884,6,0.98
1884,7,-0.28
1884,8,-0.63
1884,9,-0.7
1884,10,0.38
1884,11,-0.26
1884,12,-1.5
1885,1,-1.78
1885,2,0.04
1885,3,0.39
1885,4,0.16
1885,5,0.01
1885,6,-1.91
1885,7,-0.45
1885,8,-1.13
1885,9,-0.43
1885,10,-1.92
1885,11,-1.55
1885,12,0.47
1886,1,-0.22
1886,2,0
1886,3,0.15
1886,4,0.49
1886,5,0.54
1886,6,0.43
1886,7,0.74
1886,8,1.33
1886,9,1.28
1886,10,1.3
1886,11,0.88
1886,12,1.51
1887,1,1.2
1887,2,0.95
1887,3,0.95
1887,4,1
1887,5,-0.58
1887,6,0.46
1887,7,0.53
1887,8,0.33
1887,9,0.45
1887,10,0.51
1887,11,-0.63
1887,12,0.45
1888,1,-0.32
1888,2,-0.33
1888,3,-1.47
1888,4,-2.8
1888,5,-1.12
1888,6,-2.16
1888,7,-1.64
1888,8,-1.09
1888,9,-0.94
1888,10,-1.61
1888,11,-1.37
1888,12,-0.4
1889,1,-2.84
1889,2,-0.21
1889,3,-3.2
1889,4,0.07
1889,5,-0.19
1889,6,2.49
1889,7,0.18
1889,8,0.05
1889,9,1.05
1889,10,0.29
1889,11,1.92
1889,12,2.35
1890,1,2.16
1890,2,1.03
1890,3,1.43
1890,4,0.75
1890,5,0.35
1890,6,0.45
1890,7,-0.23
1890,8,-0.42
1890,9,0.88
1890,10,0.17
1890,11,0.16
1890,12,-0.04
1891,1,1.56
1891,2,-0.49
1891,3,-1.22
1891,4,0.7
1891,5,0.28
1891,6,-0.28
1891,7,-0.58
1891,8,-1.2
1891,9,-1.08
1891,10,0.05
1891,11,-0.49
1891,12,-0.62
1892,1,0.2
1892,2,-1.13
1892,3,1.09
1892,4,0.96
1892,5,1.37
1892,6,2.25
1892,7,0.78
1892,8,0.48
1892,9,0.01
1892,10,0.85
1892,11,-0.88
1892,12,0.3
1893,1,0.91
1893,2,0.65
1893,3,0.32
1893,4,1.44
1893,5,1.76
1893,6,2.15
1893,7,1.88
1893,8,0.6
1893,9,1.21
1893,10,0.63
1893,11,0.83
1893,12,-0.5
1894,1,2.15
1894,2,0.97
1894,3,0.82
1894,4,1.1
1894,5,-0.86
1894,6,-0.01
1894,7,0.47
1894,8,-1.4
1894,9,-0.24
1894,10,0.31
1894,11,-0.89
1894,12,0.07
1895,1,0.54
1895,2,0.62
1895,3,-0.26
1895,4,1.34
1895,5,0.65
1895,6,-1.26
1895,7,-0.75
1895,8,-1.02
1895,9,-0.52
1895,10,-0.82
1895,11,-0.47
1895,12,-1
1896,1,0.07
1896,2,0.37
1896,3,-0.84
1896,4,-1.19
1896,5,-3.23
1896,6,-2.99
1896,7,-1.39
1896,8,-2.55
1896,9,-1.88
1896,10,-2.01
1896,11,-1.26
1896,12,-1.69
1897,1,-1.42
1897,2,-0.86
1897,3,-2.01
1897,4,-2
1897,5,-1.59
1897,6,-0.16
1897,7,-0.19
1897,8,-0.11
1897,9,0
1897,10,0.1
1897,11,-0.96
1897,12,1.04
1898,1,0.65
1898,2,0.47
1898,3,2.02
1898,4,1.34
1898,5,-0.11
1898,6,-0.51
1898,7,0.65
1898,8,0.72
1898,9,0.88
1898,10,0.34
1898,11,0.02
1898,12,0.42
1899,1,1.31
1899,2,0.87
1899,3,1.38
1899,4,0.49
1899,5,-0.76
1899,6,-1.43
1899,7,-0.53
1899,8,-1.18
1899,9,-0.19
1899,10,0.74
1899,11,1.66
1899,12,-0.44
1900,1,-0.89
1900,2,-0.73
1900,3,-2.95
1900,4,-2.1
1900,5,-0.76
1900,6,3.1
1900,7,1.02
1900,8,0.75
1900,9,-1.61
1900,10,-2.13
1900,11,-0.75
1900,12,-0.73
1901,1,-0.09
1901,2,0.21
1901,3,0.88
1901,4,0.64
1901,5,0.08
1901,6,2.3
1901,7,1.51
1901,8,0.8
1901,9,-1.58
1901,10,-2.69
1901,11,-0.95
1901,12,-0.32
1902,1,1.68
1902,2,-0.28
1902,3,1.1
1902,4,1.15
1902,5,1.41
1902,6,0.24
1902,7,0.21
1902,8,-1.09
1902,9,-1.76
1902,10,-0.77
1902,11,-0.26
1902,12,-0.45
1903,1,-1.1
1903,2,-1.11
1903,3,1.8
1903,4,2.18
1903,5,0.92
1903,6,-0.22
1903,7,0.6
1903,8,-0.15
1903,9,0.81
1903,10,0.3
1903,11,-0.05
1903,12,1.66
1904,1,1.39
1904,2,1.53
1904,3,0.89
1904,4,3.64
1904,5,1
1904,6,-1.01
1904,7,-0.87
1904,8,-0.11
1904,9,-0.01
1904,10,-0.11
1904,11,-1.81
1904,12,0.18
1905,1,-1.08
1905,2,-1.84
1905,3,-3.51
1905,4,-3.05
1905,5,-1.68
1905,6,-2.29
1905,7,-2.11
1905,8,-0.96
1905,9,-0.7
1905,10,-0.83
1905,11,-1.81
1905,12,-1.57
1906,1,-0.43
1906,2,-0.88
1906,3,-0.56
1906,4,-0.84
1906,5,-1.03
1906,6,-0.71
1906,7,0.68
1906,8,1.43
1906,9,1.75
1906,10,0.81
1906,11,1.95
1906,12,0.3
1907,1,0.56
1907,2,-0.23
1907,3,-0.32
1907,4,-0.84
1907,5,-0.57
1907,6,0.45
1907,7,-0.03
1907,8,-1.05
1907,9,-0.07
1907,10,-0.43
1907,11,-0.58
1907,12,0.65
1908,1,-0.99
1908,2,0.84
1908,3,-0.41
1908,4,1.02
1908,5,0.18
1908,6,-0.63
1908,7,1.43
1908,8,0.2
1908,9,1.67
1908,10,0.72
1908,11,0.09
1908,12,-0.71
1909,1,-0.3
1909,2,-0.4
1909,3,-0.15
1909,4,-1.78
1909,5,0.07
1909,6,2.63
1909,7,1.08
1909,8,0.89
1909,9,0.06
1909,10,0.2
1909,11,0.74
1909,12,0.41
1910,1,0.6
1910,2,1.42
1910,3,1.25
1910,4,0.39
1910,5,0.09
1910,6,2.49
1910,7,2.07
1910,8,0.89
1910,9,1.46
1910,10,1.04
1910,11,1.74
1910,12,1.66
1911,1,0.3
1911,2,0.01
1911,3,0.22
1911,4,0.05
1911,5,-0.74
1911,6,-1.55
1911,7,-1.26
1911,8,-1.41
1911,9,-0.88
1911,10,-1.3
1911,11,-0.81
1911,12,-0.27
1912,1,-1.11
1912,2,-1.83
1912,3,-1.14
1912,4,-2.27
1912,5,-1.12
1912,6,-0.99
1912,7,-0.05
1912,8,-0.94
1912,9,-0.4
1912,10,-0.97
1912,11,0.12
1912,12,-1.01
1913,1,-0.41
1913,2,-0.63
1913,3,0.01
1913,4,-0.79
1913,5,-0.56
1913,6,-0.6
1913,7,-0.12
1913,8,-0.92
1913,9,-0.95
1913,10,-1.02
1913,11,-1.25
1913,12,-0.89
1914,1,-0.74
1914,2,0.18
1914,3,0.88
1914,4,-2.27
1914,5,-1.21
1914,6,-2.64
1914,7,-0.97
1914,8,-1.84
1914,9,-1.47
1914,10,-0.73
1914,11,-0.47
1914,12,0.17
1915,1,-2.71
1915,2,-0.59
1915,3,-2.49
1915,4,-1.49
1915,5,1.22
1915,6,2.68
1915,7,2.53
1915,8,1.3
1915,9,1.34
1915,10,0.95
1915,11,-1.74
1915,12,0.99
1916,1,0.56
1916,2,-0.52
1916,3,-0.83
1916,4,0.01
1916,5,0.43
1916,6,0.75
1916,7,2.57
1916,8,1.51
1916,9,0.42
1916,10,0.36
1916,11,0.77
1916,12,1.62
1917,1,0.46
1917,2,0.98
1917,3,1.86
1917,4,2.58
1917,5,2.4
1917,6,2.39
1917,7,2.83
1917,8,3.48
1917,9,2.84
1917,10,1.51
1917,11,1.93
1917,12,2.4
1918,1,1.46
1918,2,1.58
1918,3,-0.39
1918,4,2.07
1918,5,1.09
1918,6,-0.78
1918,7,-1.38
1918,8,-0.64
1918,9,-0.85
1918,10,-0.62
1918,11,0.02
1918,12,-1
1919,1,-1.62
1919,2,-1.19
1919,3,-1.57
1919,4,-0.37
1919,5,-0.96
1919,6,-1.46
1919,7,-0.87
1919,8,-0.9
1919,9,-0.59
1919,10,-1.25
1919,11,-1.23
1919,12,-1.12
1920,1,0.18
1920,2,-0.29
1920,3,-0.63
1920,4,-0.1
1920,5,-0.4
1920,6,0.4
1920,7,0.92
1920,8,0.44
1920,9,0.47
1920,10,-0.69
1920,11,-0.19
1920,12,0.99
1921,1,1.09
1921,2,0.58
1921,3,1.07
1921,4,-1.28
1921,5,-0.01
1921,6,4.07
1921,7,0.29
1921,8,-0.88
1921,9,0.46
1921,10,0.97
1921,11,0.76
1921,12,0.81
1922,1,0.78
1922,2,0.77
1922,3,0.48
1922,4,-0.69
1922,5,-0.76
1922,6,0.45
1922,7,0.23
1922,8,-0.28
1922,9,0.46
1922,10,0.55
1922,11,0.76
1922,12,1.21
1923,1,0.56
1923,2,0.34
1923,3,0.84
1923,4,0.81
1923,5,-0.01
1923,6,-0.17
1923,7,-1.11
1923,8,-2.14
1923,9,-1.46
1923,10,-0.72
1923,11,-1.41
1923,12,0.13
1924,1,-0.68
1924,2,0.01
1924,3,0.11
1924,4,-1.95
1924,5,1.19
1924,6,0.84
1924,7,0.78
1924,8,0.88
1924,9,0.74
1924,10,0.63
1924,11,1.02
1924,12,0.48
1925,1,0.54
1925,2,1.22
1925,3,1.52
1925,4,1.48
1925,5,-0.3
1925,6,-0.82
1925,7,-1.31
1925,8,-1.24
1925,9,-0.66
1925,10,-1.5
1925,11,-0.97
1925,12,-0.89
1926,1,-0.62
1926,2,-1.56
1926,3,-1.65
1926,4,-0.75
1926,5,-0.28
1926,6,-1.05
1926,7,-0.09
1926,8,-0.92
1926,9,0.12
1926,10,0.24
1926,11,0.07
1926,12,0.59
1927,1,0.51
1927,2,0.01
1927,3,1.84
1927,4,0.75
1927,5,0.62
1927,6,0.91
1927,7,0.17
1927,8,-0.75
1927,9,-0.07
1927,10,-0.55
1927,11,-0.91
1927,12,0.75
1928,1,-1.22
1928,2,0.95
1928,3,1.38
1928,4,1.44
1928,5,-0.09
1928,6,-1.15
1928,7,-0.02
1928,8,0.8
1928,9,0.74
1928,10,0.77
1928,11,0.21
1928,12,1.2
1929,1,1.74
1929,2,1.69
1929,3,0.41
1929,4,0.58
1929,5,-1.2
1929,6,0.06
1929,7,0.21
1929,8,-0.17
1929,9,-0.07
1929,10,0.8
1929,11,0.95
1929,12,0.53
1930,1,1.31
1930,2,0.68
1930,3,0.04
1930,4,-0.33
1930,5,0.47
1930,6,-0.84
1930,7,-0.4
1930,8,-0.39
1930,9,-0.72
1930,10,0.46
1930,11,0.3
1930,12,-0.27
1931,1,0.63
1931,2,-1.61
1931,3,0.44
1931,4,1.1
1931,5,1.66
1931,6,2.23
1931,7,0.98
1931,8,-0.5
1931,9,0.35
1931,10,-1
1931,11,-0.37
1931,12,0.81
1932,1,0.21
1932,2,-0.36
1932,3,-0.72
1932,4,-2.76
1932,5,0.09
1932,6,-0.26
1932,7,-1.52
1932,8,-0.9
1932,9,-0.86
1932,10,-0.69
1932,11,-0.61
1932,12,0.25
1933,1,-1.22
1933,2,0.34
1933,3,-0.35
1933,4,0.47
1933,5,0.74
1933,6,-0.68
1933,7,0.38
1933,8,-0.23
1933,9,0.17
1933,10,0.17
1933,11,0.53
1933,12,0.81
1934,1,0.62
1934,2,-0.06
1934,3,-0.12
1934,4,0.64
1934,5,-0.76
1934,6,1.12
1934,7,0.3
1934,8,-2.44
1934,9,-0.64
1934,10,0.38
1934,11,1.21
1934,12,-0.38
1935,1,0.64
1935,2,-0.56
1935,3,1.21
1935,4,0.37
1935,5,-0.46
1935,6,-0.42
1935,7,-0.02
1935,8,0
1935,9,0.59
1935,10,0.6
1935,11,0.3
1935,12,-0.56
1936,1,-0.3
1936,2,-0.04
1936,3,0.05
1936,4,2.81
1936,5,0.27
1936,6,-0.37
1936,7,0.43
1936,8,-1
1936,9,0.23
1936,10,-0.11
1936,11,-1.55
1936,12,-0.04
1937,1,0.95
1937,2,-0.59
1937,3,0.55
1937,4,0.18
1937,5,0.19
1937,6,0.22
1937,7,-0.53
1937,8,0.2
1937,9,0.04
1937,10,-0.39
1937,11,-0.46
1937,12,0.64
1938,1,0.75
1938,2,0.21
1938,3,-0.55
1938,4,0.39
1938,5,1.18
1938,6,2.01
1938,7,1.87
1938,8,1.24
1938,9,0.69
1938,10,1.37
1938,11,-0.07
1938,12,1.42
1939,1,1.74
1939,2,0.66
1939,3,1.14
1939,4,1.13
1939,5,-0.1
1939,6,-0.37
1939,7,0.84
1939,8,-0.11
1939,9,-0.95
1939,10,-1.71
1939,11,-0.96
1939,12,-1.07
1940,1,-0.06
1940,2,-0.56
1940,3,-1.34
1940,4,-0.94
1940,5,-1.39
1940,6,-2.49
1940,7,-1.5
1940,8,-2.11
1940,9,-1.95
1940,10,-1.8
1940,11,-0.77
1940,12,-3.38
1941,1,-1.13
1941,2,-1.6
1941,3,-1.33
1941,4,-1.19
1941,5,-0.75
1941,6,-1.89
1941,7,-2
1941,8,-2.2
1941,9,-0.83
1941,10,-2.29
1941,11,-1.09
1941,12,-1.07
1942,1,-1.51
1942,2,-0.51
1942,3,-0.8
1942,4,-0.52
1942,5,0.25
1942,6,0.8
1942,7,-0.08
1942,8,0.3
1942,9,0.82
1942,10,0.7
1942,11,-0.64
1942,12,1.42
1943,1,0.88
1943,2,0.91
1943,3,0.29
1943,4,1.59
1943,5,0.25
1943,6,-1.13
1943,7,0.3
1943,8,0.69
1943,9,0.53
1943,10,0.79
1943,11,0.22
1943,12,-1.06
1944,1,-0.95
1944,2,0.3
1944,3,0.46
1944,4,-0.54
1944,5,0.02
1944,6,-0.61
1944,7,-0.85
1944,8,0.13
1944,9,0.22
1944,10,-1.03
1944,11,-0.84
1944,12,0.36
1945,1,0.43
1945,2,0.53
1945,3,1.33
1945,4,-0.73
1945,5,0.02
1945,6,0.8
1945,7,0.39
1945,8,1.06
1945,9,0.8
1945,10,0.21
1945,11,-0.45
1945,12,0.63
1946,1,-0.32
1946,2,0.29
1946,3,-0.38
1946,4,-1.03
1946,5,-1.19
1946,6,-1.32
1946,7,-0.99
1946,8,-0.64
1946,9,-1.58
1946,10,-1.38
1946,11,-0.25
1946,12,-0.71
1947,1,-0.63
1947,2,-0.56
1947,3,1.13
1947,4,-0.56
1947,5,-1.24
1947,6,0.16
1947,7,0.98
1947,8,0.66
1947,9,1.1
1947,10,-0.35
1947,11,0.75
1947,12,0.47
1948,1,-0.43
1948,2,-0.41
1948,3,-0.6
1948,4,0.26
1948,5,0.35
1948,6,-0.76
1948,7,0.1
1948,8,-0.55
1948,9,-0.76
1948,10,0.54
1948,11,0.19
1948,12,-0.72
1949,1,-0.86
1949,2,0.05
1949,3,0.49
1949,4,0.28
1949,5,-0.68
1949,6,-1.6
1949,7,-0.15
1949,8,-0.64
1949,9,0.17
1949,10,0.38
1949,11,-0.77
1949,12,0.77
1950,1,0.54
1950,2,1.58
1950,3,1.79
1950,4,1.67
1950,5,0.55
1950,6,3.06
1950,7,2.14
1950,8,1.14
1950,9,0.63
1950,10,1.68
1950,11,0.89
1950,12,2.46
1951,1,1.32
1951,2,0.47
1951,3,-0.71
1951,4,-1.03
1951,5,-1.29
1951,6,-0.52
1951,7,-1.33
1951,8,-0.75
1951,9,-1.17
1951,10,-1.44
1951,11,-0.98
1951,12,-0.9
1952,1,-0.92
1952,2,-0.83
1952,3,-0.02
1952,4,-0.73
1952,5,0.67
1952,6,0.78
1952,7,0.51
1952,8,-0.38
1952,9,-0.24
1952,10,0.12
1952,11,-0.22
1952,12,-1.4
1953,1,0.12
1953,2,-0.72
1953,3,-0.79
1953,4,-0.18
1953,5,-2.72
1953,6,-0.47
1953,7,-0.06
1953,8,-1.89
1953,9,-1.35
1953,10,-0.18
1953,11,-0.36
1953,12,-0.61
1954,1,0.57
1954,2,-0.52
1954,3,-0.31
1954,4,0.41
1954,5,0.15
1954,6,-0.49
1954,7,0.36
1954,8,0.9
1954,9,0.17
1954,10,0.09
1954,11,0.16
1954,12,1.31
1955,1,-0.68
1955,2,1.3
1955,3,0.13
1955,4,-0.81
1955,5,0.88
1955,6,1.63
1955,7,1.8
1955,8,1.38
1955,9,1.4
1955,10,1.51
1955,11,1.38
1955,12,0.91
1956,1,1.16
1956,2,1.1
1956,3,0.89
1956,4,1.06
1956,5,1.44
1956,6,1.26
1956,7,1.19
1956,8,1.05
1956,9,0.06
1956,10,1.92
1956,11,0.11
1956,12,0.99
1957,1,0.43
1957,2,-0.36
1957,3,-0.37
1957,4,0.05
1957,5,-1.18
1957,6,-0.37
1957,7,0.18
1957,8,-1.08
1957,9,-1.01
1957,10,-0.09
1957,11,-1.23
1957,12,-0.44
1958,1,-1.89
1958,2,-0.78
1958,3,-0.32
1958,4,0.03
1958,5,-1.39
1958,6,-0.27
1958,7,0.23
1958,8,0.72
1958,9,-0.34
1958,10,-0.56
1958,11,-0.61
1958,12,-0.84
1959,1,-0.94
1959,2,-1.5
1959,3,0.77
1959,4,0.35
1959,5,0.14
1959,6,-0.96
1959,7,-0.47
1959,8,-0.68
1959,9,-0.01
1959,10,0.34
1959,11,0.9
1959,12,0.81
1960,1,-0.05
1960,2,-0.25
1960,3,0.47
1960,4,0.79
1960,5,0.3
1960,6,-0.47
1960,7,0.5
1960,8,0.53
1960,9,0.65
1960,10,-0.2
1960,11,0.6
1960,12,0.63
1961,1,-0.43
1961,2,0.58
1961,3,-2.47
1961,4,1.15
1961,5,0.18
1961,6,-0.53
1961,7,0.18
1961,8,-0.16
1961,9,0.11
1961,10,-0.73
1961,11,0.68
1961,12,1.31
1962,1,1.72
1962,2,-0.41
1962,3,-0.32
1962,4,0.3
1962,5,1.1
1962,6,0.37
1962,7,-0.04
1962,8,0.26
1962,9,0.53
1962,10,0.95
1962,11,0.27
1962,12,-0.1
1963,1,0.8
1963,2,0.26
1963,3,0.66
1963,4,0.51
1963,5,0.14
1963,6,-1.3
1963,7,-0.13
1963,8,-0.43
1963,9,-0.6
1963,10,-1.46
1963,11,-0.93
1963,12,-1.35
1964,1,-0.53
1964,2,-0.13
1964,3,0.71
1964,4,1.78
1964,5,-0.02
1964,6,0.72
1964,7,0.62
1964,8,1.32
1964,9,1.29
1964,10,1.26
1964,11,-0.06
1964,12,-0.49
1965,1,-0.52
1965,2,0.01
1965,3,0.24
1965,4,-1.34
1965,5,-0.03
1965,6,-1.63
1965,7,-2.32
1965,8,-1.37
1965,9,-1.41
1965,10,-1.22
1965,11,-1.86
1965,12,0.02
1966,1,-1.36
1966,2,-0.54
1966,3,-1.75
1966,4,-0.9
1966,5,-0.71
1966,6,0.14
1966,7,-0.15
1966,8,0.19
1966,9,-0.24
1966,10,-0.33
1966,11,-0.2
1966,12,-0.61
1967,1,1.52
1967,2,1.2
1967,3,0.65
1967,4,-0.12
1967,5,-0.41
1967,6,0.67
1967,7,0.18
1967,8,0.44
1967,9,0.44
1967,10,-0.17
1967,11,-0.57
1967,12,-0.78
1968,1,0.47
1968,2,0.77
1968,3,-0.56
1968,4,-0.31
1968,5,1.21
1968,6,1.27
1968,7,0.77
1968,8,-0.2
1968,9,-0.36
1968,10,-0.35
1968,11,-0.44
1968,12,0.13
1969,1,-1.36
1969,2,-0.85
1969,3,-0.03
1969,4,-0.9
1969,5,-0.78
1969,6,-0.24
1969,7,-0.73
1969,8,-0.71
1969,9,-1.1
1969,10,-1.35
1969,11,-0.18
1969,12,0.24
1970,1,-1.26
1970,2,-1.22
1970,3,0.06
1970,4,-0.56
1970,5,0.04
1970,6,1.02
1970,7,-0.52
1970,8,0.31
1970,9,1.18
1970,10,0.74
1970,11,1.85
1970,12,1.83
1971,1,0.23
1971,2,1.44
1971,3,1.98
1971,4,2.58
1971,5,0.88
1971,6,0.21
1971,7,0.17
1971,8,1.42
1971,9,1.51
1971,10,1.75
1971,11,0.55
1971,12,0.15
1972,1,0.33
1972,2,0.67
1972,3,0.13
1972,4,-0.46
1972,5,-1.52
1972,6,-1.68
1972,7,-1.84
1972,8,-1.12
1972,9,-1.48
1972,10,-1.13
1972,11,-0.38
1972,12,-1.47
1973,1,-0.43
1973,2,-1.47
1973,3,-0.06
1973,4,-0.37
1973,5,0.25
1973,6,1.22
1973,7,0.63
1973,8,1.18
1973,9,1.27
1973,10,0.85
1973,11,2.85
1973,12,1.76
1974,1,2.16
1974,2,1.49
1974,3,2.1
1974,4,1.27
1974,5,1.24
1974,6,0.14
1974,7,1.23
1974,8,0.56
1974,9,1.16
1974,10,0.72
1974,11,-0.42
1974,12,-0.14
1975,1,-0.62
1975,2,0.46
1975,3,1.14
1975,4,1.48
1975,5,0.51
1975,6,1.69
1975,7,2.13
1975,8,2.03
1975,9,2.15
1975,10,1.67
1975,11,1.25
1975,12,2.05
1976,1,1.19
1976,2,1.18
1976,3,1.33
1976,4,0.24
1976,5,0.5
1976,6,-0.16
1976,7,-1.24
1976,8,-1.46
1976,9,-1.29
1976,10,0.13
1976,11,0.76
1976,12,-0.48
1977,1,-0.39
1977,2,0.65
1977,3,-1.2
1977,4,-1.17
1977,5,-1.18
1977,6,-2.33
1977,7,-1.45
1977,8,-1.42
1977,9,-0.95
1977,10,-1.39
1977,11,-1.56
1977,12,-1.23
1978,1,-0.48
1978,2,-2.63
1978,3,-0.82
1978,4,-0.88
1978,5,1.5
1978,6,0.4
1978,7,0.53
1978,8,0.12
1978,9,0.06
1978,10,-0.76
1978,11,-0.28
1978,12,-0.21
1979,1,-0.45
1979,2,0.61
1979,3,-0.49
1979,4,-0.65
1979,5,0.46
1979,6,0.58
1979,7,-0.76
1979,8,-0.69
1979,9,0.11
1979,10,-0.37
1979,11,-0.61
1979,12,-0.9
1980,1,0.28
1980,2,-0.02
1980,3,-1.06
1980,4,-1.6
1980,5,-0.35
1980,6,-0.68
1980,7,-0.14
1980,8,-0.06
1980,9,-0.54
1980,10,-0.34
1980,11,-0.47
1980,12,-0.21
1981,1,0.27
1981,2,-0.47
1981,3,-2.01
1981,4,-0.6
1981,5,0.82
1981,6,1.28
1981,7,0.87
1981,8,0.4
1981,9,0.52
1981,10,-0.71
1981,11,0.07
1981,12,0.41
1982,1,0.87
1982,2,-0.03
1982,3,0.05
1982,4,-0.46
1982,5,-0.74
1982,6,-2.49
1982,7,-1.89
1982,8,-2.66
1982,9,-2.12
1982,10,-2.2
1982,11,-3.25
1982,12,-2.48
1983,1,-3.36
1983,2,-3.46
1983,3,-3.25
1983,4,-1.41
1983,5,0.79
1983,6,-0.58
1983,7,-0.7
1983,8,-0.37
1983,9,0.91
1983,10,0.34
1983,11,-0.12
1983,12,-0.17
1984,1,-0.03
1984,2,0.43
1984,3,-0.85
1984,4,0.39
1984,5,-0.03
1984,6,-1.22
1984,7,0.12
1984,8,0.1
1984,9,0.17
1984,10,-0.61
1984,11,0.12
1984,12,-0.24
1985,1,-0.55
1985,2,0.79
1985,3,0.2
1985,4,1.42
1985,5,-0.15
1985,6,-1.39
1985,7,-0.2
1985,8,0.66
1985,9,0
1985,10,-0.76
1985,11,-0.35
1985,12,0.12
1986,1,0.82
1986,2,-1.28
1986,3,-0.09
1986,4,0.11
1986,5,-0.63
1986,6,1.01
1986,7,0.24
1986,8,-0.85
1986,9,-0.53
1986,10,0.54
1986,11,-1.57
1986,12,-1.64
1987,1,-0.75
1987,2,-1.41
1987,3,-2.03
1987,4,-2.69
1987,5,-2.12
1987,6,-2.69
1987,7,-1.82
1987,8,-1.67
1987,9,-1.13
1987,10,-0.69
1987,11,-0.07
1987,12,-0.66
1988,1,-0.31
1988,2,-0.65
1988,3,0.13
1988,4,-0.03
1988,5,1.09
1988,6,-0.2
1988,7,1.17
1988,8,1.36
1988,9,1.92
1988,10,1.35
1988,11,1.92
1988,12,1.09
1989,1,1.31
1989,2,0.8
1989,3,0.59
1989,4,2.18
1989,5,1.45
1989,6,0.81
1989,7,0.95
1989,8,-0.82
1989,9,0.52
1989,10,0.61
1989,11,-0.38
1989,12,-0.62
1990,1,-0.21
1990,2,-1.79
1990,3,-1.09
1990,4,-0.01
1990,5,1.41
1990,6,-0.07
1990,7,0.57
1990,8,-0.71
1990,9,-0.78
1990,10,-0.17
1990,11,-0.68
1990,12,-0.38
1991,1,0.45
1991,2,-0.06
1991,3,-1.35
1991,4,-1.55
1991,5,-1.74
1991,6,-0.79
1991,7,-0.07
1991,8,-1.07
1991,9,-1.64
1991,10,-1.55
1991,11,-0.77
1991,12,-2.02
1992,1,-2.85
1992,2,-1.05
1992,3,-2.85
1992,4,-2.06
1992,5,0.06
1992,6,-1.82
1992,7,-0.63
1992,8,-0.01
1992,9,0.06
1992,10,-2.03
1992,11,-0.84
1992,12,-0.71
1993,1,-0.93
1993,2,-0.96
1993,3,-1.13
1993,4,-2.29
1993,5,-0.59
1993,6,-2.18
1993,7,-1.06
1993,8,-1.73
1993,9,-0.78
1993,10,-1.57
1993,11,-0.13
1993,12,0.07
1994,1,-0.25
1994,2,-0.06
1994,3,-1.35
1994,4,-2.63
1994,5,-1.26
1994,6,-1.46
1994,7,-1.7
1994,8,-2.03
1994,9,-1.7
1994,10,-1.58
1994,11,-0.81
1994,12,-1.41
1995,1,-0.51
1995,2,-0.35
1995,3,0.24
1995,4,-1.72
1995,5,-0.91
1995,6,-0.31
1995,7,0.44
1995,8,-0.11
1995,9,0.28
1995,10,-0.34
1995,11,-0.02
1995,12,-0.72
1996,1,0.82
1996,2,-0.02
1996,3,0.53
1996,4,0.91
1996,5,0.46
1996,6,1.6
1996,7,0.7
1996,8,0.33
1996,9,0.66
1996,10,0.26
1996,11,-0.21
1996,12,0.71
1997,1,0.29
1997,2,1.21
1997,3,-1.09
1997,4,-1.55
1997,5,-2.41
1997,6,-3.02
1997,7,-0.91
1997,8,-2.31
1997,9,-1.55
1997,10,-1.69
1997,11,-1.31
1997,12,-1.12
1998,1,-2.53
1998,2,-1.97
1998,3,-3.31
1998,4,-2.8
1998,5,0.17
1998,6,1.05
1998,7,1.49
1998,8,0.83
1998,9,1.04
1998,10,1.01
1998,11,1.01
1998,12,1.32
1999,1,1.58
1999,2,0.58
1999,3,0.78
1999,4,2.1
1999,5,0.44
1999,6,0
1999,7,0.52
1999,8,-0.03
1999,9,-0.07
1999,10,0.95
1999,11,1.22
1999,12,1.37
2000,1,0.47
2000,2,1.24
2000,3,0.88
2000,4,1.76
2000,5,0.42
2000,6,-0.87
2000,7,-0.34
2000,8,0.48
2000,9,0.97
2000,10,0.87
2000,11,2.02
2000,12,0.77
2001,1,0.78
2001,2,1
2001,3,0.46
2001,4,-0.18
2001,5,-0.84
2001,6,-0.19
2001,7,-0.27
2001,8,-1.01
2001,9,0.11
2001,10,-0.38
2001,11,0.64
2001,12,-1.06
2002,1,0.2
2002,2,0.64
2002,3,-0.81
2002,4,-0.48
2002,5,-1.54
2002,6,-1.02
2002,7,-0.7
2002,8,-1.62
2002,9,-0.66
2002,10,-0.79
2002,11,-0.6
2002,12,-1.3
2003,1,-0.3
2003,2,-0.9
2003,3,-0.91
2003,4,-0.48
2003,5,-0.85
2003,6,-1.75
2003,7,0.26
2003,8,-0.35
2003,9,-0.18
2003,10,-0.26
2003,11,-0.32
2003,12,0.92
2004,1,-1.31
2004,2,0.77
2004,3,-0.11
2004,4,-1.91
2004,5,1.22
2004,6,-1.91
2004,7,-0.72
2004,8,-0.9
2004,9,-0.31
2004,10,-0.42
2004,11,-1.06
2004,12,-0.94
2005,1,0.2
2005,2,-2.99
2005,3,-0.26
2005,4,-1.22
2005,5,-1.46
2005,6,0.11
2005,7,0.06
2005,8,-0.97
2005,9,0.34
2005,10,1.12
2005,11,-0.42
2005,12,0.01
2006,1,1.29
2006,2,-0.12
2006,3,1.32
2006,4,1.17
2006,5,-0.96
2006,6,-0.98
2006,7,-0.9
2006,8,-1.75
2006,9,-0.6
2006,10,-1.52
2006,11,0.05
2006,12,-0.39
2007,1,-0.83
2007,2,-0.38
2007,3,-0.3
2007,4,-0.35
2007,5,-0.3
2007,6,0.14
2007,7,-0.44
2007,8,0.01
2007,9,0.12
2007,10,0.44
2007,11,0.82
2007,12,1.49
2008,1,1.54
2008,2,2.05
2008,3,1.04
2008,4,0.56
2008,5,-0.25
2008,6,0.34
2008,7,0.2
2008,8,0.64
2008,9,1.26
2008,10,1.52
2008,11,1.64
2008,12,1.43
2009,1,0.85
2009,2,1.37
2009,3,-0.21
2009,4,1.06
2009,5,-0.86
2009,6,-0.45
2009,7,0.18
2009,8,-0.59
2009,9,0.35
2009,10,-1.66
2009,11,-0.67
2009,12,-0.95
2010,1,-1.13
2010,2,-1.59
2010,3,-1.4
2010,4,1.88
2010,5,0.85
2010,6,0.24
2010,7,1.95
2010,8,1.77
2010,9,2.44
2010,10,1.8
2010,11,1.62
2010,12,2.9
2011,1,2.01
2011,2,2.12
2011,3,2.09
2011,4,3.02
2011,5,0.46
2011,6,-0.04
2011,7,1.11
2011,8,0.07
2011,9,1.14
2011,10,0.91
2011,11,1.41
2011,12,2.45
2012,1,0.9
2012,2,0.22
2012,3,0.2
2012,4,-0.65
2012,5,-0.38
2012,6,-1.51
2012,7,-0.15
2012,8,-0.74
2012,9,0.22
2012,10,0.17
2012,11,0.33
2012,12,-0.77
2013,1,-0.1
2013,2,-0.47
2013,3,1.06
2013,4,0.01
2013,5,0.9
2013,6,1.45
2013,7,0.76
2013,8,-0.23
2013,9,0.41
2013,10,-0.34
2013,11,0.75
2013,12,-0.05
2014,1,1.19
2014,2,-0.32
2014,3,-1.7
2014,4,0.81
2014,5,0.72
2014,6,-0.46
2014,7,-0.26
2014,8,-1.42
2014,9,-0.66
2014,10,-0.86
2014,11,-0.96
2014,12,-0.66
2015,1,-0.87
2015,2,-0.04
2015,3,-1.4
2015,4,-0.27
2015,5,-1.04
2015,6,-1.72
2015,7,-1.41
2015,8,-2.15
2015,9,-1.65
2015,10,-1.91
2015,11,-0.63
2015,12,-1
2016,1,-2.12
2016,2,-2.09
2016,3,-0.75
2016,4,-2.61
2016,5,0.22
2016,6,0.44
2016,7,0.45
2016,8,0.4
2016,9,1.28
2016,10,-0.66
2016,11,-0.23
2016,12,0.19
2017,1,0.08
2017,2,-0.33
2017,3,0.41
2017,4,-0.75
2017,5,0.23
2017,6,-1.39
2017,7,0.85
2017,8,0.17
2017,9,0.62
2017,10,0.75
2017,11,0.94
2017,12,-0.27
2018,1,0.86
2018,2,-0.73
2018,3,0.91
2018,4,0.58
2018,5,0.43
2018,6,-0.84
2018,7,0.11
2018,8,-0.87
2018,9,-0.93
2018,10,0.32
2018,11,0.03
2018,12,0.98
2019,1,-0.16
2019,2,-1.43
2019,3,-1.03
2019,4,-0.03
2019,5,-0.78
2019,6,-1.46
2019,7,-0.7
2019,8,-0.7
2019,9,-1.26
2019,10,-0.68
2019,11,-0.91
2019,12,-0.56
2020,1,0.06
2020,2,-0.27
2020,3,-0.75
2020,4,-0.01
2020,5,0.71
2020,6,-1.45
2020,7,0.37
2020,8,0.92
2020,9,0.98
2020,10,0.27
